1,Classics,Mac and Ernies,Tarpley,Texas,Mac-and-Ernies-Tarpley
1,Classics,Brints Diner,Wichita,Kansas,Brints-Diner-Wichita
1,Classics,Mad Greeks Diner,Baker,California,Mad-Greeks-Diner-Baker
1,Thats Italian,Four Kegs Sports Pub,Las Vegas,Nevada,Four-Kegs-Sports-Pub-Las-Vegas
1,Thats Italian,Hullabaloo Diner,Wellborn,Texas,Hullabaloo-Diner-Wellborn
1,Thats Italian,Pizza Palace,Knoxville,Tennessee,Pizza-Palace-Knoxville
1,Blue Plate Special,The Penguin,Charlotte,North Carolina,The-Penguin-Charlotte
1,Blue Plate Special,Patricks Roadhouse,Santa Monica,California,Patricks-Roadhouse-Santa-Monica
1,Blue Plate Special,Frosted Mug,Alsip,Illinois,Frosted-Mug-Alsip
1,Breakfast,The Coffee Cup,Boulder City,Nevada,The-Coffee-Cup-Boulder-City
1,Breakfast,Franks Diner,Kenosha,Wisconsin,Franks-Diner-Kenosha
1,Breakfast,Gaffey Street Diner,San Pedro,California,Gaffey-Street-Diner-San-Pedro
1,BBQ,Louie Mueller BBQ,Taylor,Texas,Louie-Mueller-BBQ-Taylor
1,BBQ,Baby Blues BBQ,Venice,California,Baby-Blues-BBQ-Venice
1,BBQ,Barbecue King Drive-In,Charlotte,North Carolina,Barbecue-King-Drive-In-Charlotte
1,Local Legends,Eveready Diner,Hyde Park,New York,Eveready-Diner-Hyde-Park
1,Local Legends,Leos BBQ,Oklahoma City,Oklahoma,Leos-BBQ-Oklahoma-City
1,Local Legends,A1 Diner,Gardiner,Maine,A1-Diner-Gardiner
1,Burgers,Triple XXX Restaurant,West Lafayette,Indiana,Triple-XXX-Restaurant-West-Lafayette
1,Burgers,Hackneys,Glenview,Illinois,Hackneys-Glenview
1,Burgers,Squeeze Inn,Sacramento,California,Squeeze-Inn-Sacramento
1,House Specials,Red Arrow Diner,Manchester,New Hampshire,Red-Arrow-Diner-Manchester
1,House Specials,Hanks Creekside Restaurant,Santa Rosa,California,Hanks-Creekside-Restaurant-Santa-Rosa
1,House Specials,Voulas Offshore Cafe,Seattle,Washington,Voulas-Offshore-Cafe-Seattle
1,Retro,Southside Soda Shop and Diner,Goshen,Indiana,Southside-Soda-Shop-and-Diner-Goshen
1,Retro,Taylors Automatic Refresher,Saint Helena,California,Taylors-Automatic-Refresher-Saint-Helena
1,Retro,Byways Cafe,Portland,Oregon,Byways-Cafe-Portland
1,Worth the Trip,Big Star Diner,Bainbridge Island,Washington,Big-Star-Diner-Bainbridge-Island
1,Worth the Trip,Harolds Cafe,Gaffney,South Carolina,Harolds-Cafe-Gaffney
1,Worth the Trip,Mo Gridders BBQ,Bronx,New York,Mo-Gridders-BBQ-Bronx
1,Diners A-Plenty,Kellys Diner,Somerville,Massachusetts,Kellys-Diner-Somerville
1,Diners A-Plenty,Bay Way Diner,Linden,New Jersey,Bay-Way-Diner-Linden
1,Diners A-Plenty,Beacon Drive-In,Spartanburg,South Carolina,Beacon-Drive-In-Spartanburg
1,American Cookin,Rosies Diner,Rockford,Michigan,Rosies-Diner-Rockford
1,American Cookin,Dari-ette Drive-In,Saint Paul,Minnesota,Dari-ette-Drive-In-Saint-Paul
1,American Cookin,The Russian River Pub,Forestville,California,The-Russian-River-Pub-Forestville
1,American Cookin,Als Breakfast,Minneapolis,Minnesota,Als-Breakfast-Minneapolis
2,Totally Fried,Falafels Drive-In,San Jose,California,Falafels-Drive-In-San-Jose
2,Totally Fried,Ramona Cafe,Ramona,California,Ramona-Cafe-Ramona
2,Totally Fried,Silk City Diner,Philadelphia,Pennsylvania,Silk-City-Diner-Philadelphia
2,Route 66,Emma Jeans Holland Burger Cafe,Victorville,California,Emma-Jeans-Holland-Burger-Cafe-Victorville
2,Route 66,The Rock Cafe,Stroud,Oklahoma,The-Rock-Cafe-Stroud
2,Route 66,Cafe on the Route,Baxter Springs,Kansas,Cafe-on-the-Route-Baxter-Springs
2,Seaside Eats,Evelyns Drive-In,Tiverton,Rhode Island,Evelyns-Drive-In-Tiverton
2,Seaside Eats,Hodads,Ocean Beach,California,Hodads-Ocean-Beach
2,Seaside Eats,Keegans Seafood Grille,Indian Rocks Beach,Florida,Keegans-Seafood-Grille-Indian-Rocks-Beach
2,Local Flavor,Clantons Cafe,Vinita,Oklahoma,Clantons-Cafe-Vinita
2,Local Flavor,Mikes Chili Parlor,Seattle,Washington,Mikes-Chili-Parlor-Seattle
2,Local Flavor,Duartes Tavern,Pescadero,California,Duartes-Tavern-Pescadero
2,Viewers Choice,Bobbys Hawaiian Style Restaurant,Everett,Washington,Bobbys-Hawaiian-Style-Restaurant-Everett
2,Viewers Choice,Ted Peters Famous Smoked Fish,South Pasadena,Florida,Ted-Peters-Famous-Smoked-Fish-South-Pasadena
2,Viewers Choice,Psycho Suzies Motor Lounge,Minneapolis,Minnesota,Psycho-Suzies-Motor-Lounge-Minneapolis
2,Real Deal BBQ,Jay Bees Bar-B-Que,Gardena,California,Jay-Bees-Bar-B-Que-Gardena
2,Real Deal BBQ,Smoque,Chicago,Illinois,Smoque-Chicago
2,Real Deal BBQ,BBQ Shack,Paola,Kansas,BBQ-Shack-Paola
2,Talkin Turkey,Mikes City Diner,Boston,Massachusetts,Mikes-City-Diner-Boston
2,Talkin Turkey,Willie Birds Restaurant,Santa Rosa,California,Willie-Birds-Restaurant-Santa-Rosa
2,Talkin Turkey,Alpine Steakhouse,Sarasota,Florida,Alpine-Steakhouse-Sarasota
2,One of a Kind,JT Farnhams Seafood and Grill,Essex,Massachusetts,JT-Farnhams-Seafood-and-Grill-Essex
2,One of a Kind,Joes Gizzard City,Potterville,Michigan,Joes-Gizzard-City-Potterville
2,One of a Kind,Grubstake Diner,San Francisco,California,Grubstake-Diner-San-Francisco
2,One of a Kind,Los Tapatios,San Jose,California,Los-Tapatios-San-Jose
2,Family Owned,El Indio,San Diego,California,El-Indio-San-Diego
2,Family Owned,Charlies Diner,Spencer,Massachusetts,Charlies-Diner-Spencer
2,Family Owned,Paradise Pup,Des Plaines,Illinois,Paradise-Pup-Des-Plaines
2,Open 24/7,Studio Diner,San Diego,California,Studio-Diner-San-Diego
2,Open 24/7,White Palace Grill,Chicago,Illinois,White-Palace-Grill-Chicago
2,Open 24/7,The Dining Car and Market,Philadelphia,Pennsylvania,The-Dining-Car-and-Market-Philadelphia
2,Off the Hook Specials,Schooner or Later,Long Beach,California,Schooner-or-Later-Long-Beach
2,Off the Hook Specials,Grinders,Kansas City,Missouri,Grinders-Kansas-City
2,Off the Hook Specials,The Fly Trap,Ferndale,Michigan,The-Fly-Trap-Ferndale
2,Off the Hook Specials,Gailwood Cook Shack,Chicago,Illinois,Gailwood-Cook-Shack-Chicago
2,"""Burgers"," Rings and Fries*""",Joe's Cable Car,San Francisco,"-Rings-and-Fries*""-Joe's-Cable-Car"
2,"""Burgers"," Rings and Fries*""",The Nook,St. Paul,"-Rings-and-Fries*""-The-Nook"
2,"""Burgers"," Rings and Fries*""",Krazy Jim's Blimpy Burger,Ann Arbor,"-Rings-and-Fries*""-Krazy-Jim's-Blimpy-Burger"
2,The New Jersey Diner Tour,Mustache Bills,Barnegat Light,New Jersey,Mustache-Bills-Barnegat-Light
2,The New Jersey Diner Tour,Tick Tock Diner,Clifton,New Jersey,Tick-Tock-Diner-Clifton
2,The New Jersey Diner Tour,White Manna Hamburgers,Hackensack,New Jersey,White-Manna-Hamburgers-Hackensack
2,The New Jersey Diner Tour,The Ritz Diner,Livingston,New Jersey,The-Ritz-Diner-Livingston
2,The New Jersey Diner Tour,Hightstown Diner,Hightstown,New Jersey,Hightstown-Diner-Hightstown
2,The New Jersey Diner Tour,Skylark Diner,Edison,New Jersey,Skylark-Diner-Edison
2,The New Jersey Diner Tour,Jefferson Diner,Lake Hopatcong,New Jersey,Jefferson-Diner-Lake-Hopatcong
3,Big Breakfast,Brownstone Diner,Jersey City,New Jersey,Brownstone-Diner-Jersey-City
3,Big Breakfast,39th Street Mamas,Kansas City,Missouri,39th-Street-Mamas-Kansas-City
3,Big Breakfast,Matts Big Breakfast,Phoenix,Arizona,Matts-Big-Breakfast-Phoenix
3,Like Mamma Made,Robertos Mexican Food,Phoenix,Arizona,Robertos-Mexican-Food-Phoenix
3,Like Mamma Made,Smokey Valley Truck Stop,Olive Hill,Kentucky,Smokey-Valley-Truck-Stop-Olive-Hill
3,Like Mamma Made,Sweetie Pies,Saint Louis,Missouri,Sweetie-Pies-Saint-Louis
3,Regional Favorites,Charlie Parkers,Springfield,Illinois,Charlie-Parkers-Springfield
3,Regional Favorites,Tecolote Cafe,Santa Fe,New Mexico,Tecolote-Cafe-Santa-Fe
3,Regional Favorites,Virginia Diner,Wakefield,Virginia,Virginia-Diner-Wakefield
3,Neighborhood Joints,Thee Pitts Again,Glendale,Arizona,Thee-Pitts-Again-Glendale
3,Neighborhood Joints,Iron Barley,Saint Louis,Missouri,Iron-Barley-Saint-Louis
3,Neighborhood Joints,Daddypops,Hatboro,Pennsylvania,Daddypops-Hatboro
3,Neighborhood Joints,The Village Cafe,Richmond,Virginia,The-Village-Cafe-Richmond
3,A World of Flavors,Chino Bandido,Phoenix,Arizona,Chino-Bandido-Phoenix
3,A World of Flavors,Marietta Diner,Marietta,Georgia,Marietta-Diner-Marietta
3,A World of Flavors,YJs Snack Bar,Kansas City,Missouri,YJs-Snack-Bar-Kansas-City
3,Something Different,Scullys Tavern,Miami,Florida,Scullys-Tavern-Miami
3,Something Different,Dots Back Inn,Richmond,Virginia,Dots-Back-Inn-Richmond
3,Something Different,Hillbilly Hot Dogs,Lesage,West Virginia,Hillbilly-Hot-Dogs-Lesage
3,American Classics,11th Street Diner,Miami Beach,Florida,11th-Street-Diner-Miami-Beach
3,American Classics,Bobo Drive-In,Topeka,Kansas,Bobo-Drive-In-Topeka
3,American Classics,Little Tea Shop,Memphis,Tennessee,Little-Tea-Shop-Memphis
3,Real Deal Fast Food,Panini Petes,Fairhope,Alabama,Panini-Petes-Fairhope
3,Real Deal Fast Food,Joes Farm Grill,Gilbert,Arizona,Joes-Farm-Grill-Gilbert
3,Real Deal Fast Food,Marias Taco Express,Austin,Texas,Marias-Taco-Express-Austin
3,The Memphis BBQ Tour,Cozy Corner,Memphis,Tennessee,Cozy-Corner-Memphis
3,The Memphis BBQ Tour,Leonards BBQ,Memphis,Tennessee,Leonards-BBQ-Memphis
3,The Memphis BBQ Tour,Marlowes Ribs,Memphis,Tennessee,Marlowes-Ribs-Memphis
3,The Memphis BBQ Tour,Toms Bar-B-Q,Memphis,Tennessee,Toms-Bar-B-Q-Memphis
3,Comfort Food,Grampas Bakery and Restaurant,Dania Beach,Florida,Grampas-Bakery-and-Restaurant-Dania-Beach
3,Comfort Food,Blue Moon Cafe,Baltimore,Maryland,Blue-Moon-Cafe-Baltimore
3,Comfort Food,Central City Cafe,Huntington,West Virginia,Central-City-Cafe-Huntington
3,Comfort Food,Tip Top Cafe,San Antonio,Texas,Tip-Top-Cafe-San-Antonio
3,Where The Locals Go,Matthews Cafeteria,Tucker,Georgia,Matthews-Cafeteria-Tucker
3,Where The Locals Go,The Rivershack Tavern,Jefferson,Louisiana,The-Rivershack-Tavern-Jefferson
3,Where The Locals Go,Monte Carlo Steak House,Albuquerque,New Mexico,Monte-Carlo-Steak-House-Albuquerque
3,All Kinds of BBQ,The Joint,New Orleans,Louisiana,The-Joint-New-Orleans
3,All Kinds of BBQ,The Shed,Ocean Springs,Mississippi,The-Shed-Ocean-Springs
3,All Kinds of BBQ,Texas Pride BBQ,Adkins,Texas,Texas-Pride-BBQ-Adkins
3,In the Family,Bennys Seafood Restaurant,South Miami,Florida,Bennys-Seafood-Restaurant-South-Miami
3,In the Family,Chaps Pit Beef,Baltimore,Maryland,Chaps-Pit-Beef-Baltimore
3,In the Family,Burger Bar,Roy,Utah,Burger-Bar-Roy
4,Brain Freeze,Doumars,Norfolk,Virginia,Doumars-Norfolk
4,Brain Freeze,Aunt Lenas Creamery,Chandler,Arizona,Aunt-Lenas-Creamery-Chandler
4,Brain Freeze,The Creole Creamery,New Orleans,Louisiana,The-Creole-Creamery-New-Orleans
4,Diners You Sent Me To,Town Talk Diner,Minneapolis,Minnesota,Town-Talk-Diner-Minneapolis
4,Diners You Sent Me To,Blue Plate Diner,Salt Lake City,Utah,Blue-Plate-Diner-Salt-Lake-City
4,Diners You Sent Me To,Broadway Diner,Baltimore,Maryland,Broadway-Diner-Baltimore
4,Bar Food,The Highlander,Atlanta,Georgia,The-Highlander-Atlanta
4,Bar Food,Gumbo Shack,Fairhope,Alabama,Gumbo-Shack-Fairhope
4,Bar Food,Starlite Lounge,Blawnox,Pennsylvania,Starlite-Lounge-Blawnox
4,Burgers and Dogs,The Wienery,Minneapolis,Minnesota,The-Wienery-Minneapolis
4,Burgers and Dogs,Casino El Camino,Austin,Texas,Casino-El-Camino-Austin
4,Burgers and Dogs,GandA Restaurant,Baltimore,Maryland,GandA-Restaurant-Baltimore
4,Where the Locals Eat,Uncle Lous,Memphis,Tennessee,Uncle-Lous-Memphis
4,Where the Locals Eat,Captain Chuck A Mucks,Rescue,Virginia,Captain-Chuck-A-Mucks-Rescue
4,Where the Locals Eat,Dixie Quicks,Omaha,Nebraska,Dixie-Quicks-Omaha
4,Totally Unexpected,Cabbage Town Market,Atlanta,Georgia,Cabbage-Town-Market-Atlanta
4,Totally Unexpected,The Cove,San Antonio,Texas,The-Cove-San-Antonio
4,Totally Unexpected,Bryant-Lake Bowl,Minneapolis,Minnesota,Bryant-Lake-Bowl-Minneapolis
4,A Taste of Everywhere,Jamaica Kitchen,Kendall Lakes,Arizona,Jamaica-Kitchen-Kendall-Lakes
4,A Taste of Everywhere,Crystal Restaurant,Pittsburgh,Pennsylvania,Crystal-Restaurant-Pittsburgh
4,A Taste of Everywhere,Red Iguana,Salt Lake City,Utah,Red-Iguana-Salt-Lake-City
4,Better Than Ever,Colonnade,Atlanta,Georgia,Colonnade-Atlanta
4,Better Than Ever,Mancis Antique Club,Daphne,Alabama,Mancis-Antique-Club-Daphne
4,Better Than Ever,Amatos,Omaha,Nebraska,Amatos-Omaha
4,Big Flavor,Darwells Cafe,Long Beach,Mississippi,Darwells-Cafe-Long-Beach
4,Big Flavor,Brick Oven Pizza,Baltimore,Maryland,Brick-Oven-Pizza-Baltimore
4,Big Flavor,Victors 1959 Cafe,Minneapolis,Minnesota,Victors-1959-Cafe-Minneapolis
4,Cookin It Old School,Nadines Restaurant,Pittsburgh,Pennsylvania,Nadines-Restaurant-Pittsburgh
4,Cookin It Old School,Casamentos Restaurant,New Orleans,Louisiana,Casamentos-Restaurant-New-Orleans
4,Cookin It Old School,Big Mamas Kitchen and Catering,Omaha,Nebraska,Big-Mamas-Kitchen-and-Catering-Omaha
4,Grabbina Sandwich,Moochies Meatballs and More,Salt Lake City,Utah,Moochies-Meatballs-and-More-Salt-Lake-City
4,Grabbina Sandwich,Cemitas Puebla,Chicago,Illinois,Cemitas-Puebla-Chicago
4,Grabbina Sandwich,Tiolis Crazee Burger,San Diego,California,Tiolis-Crazee-Burger-San-Diego
4,Traditional Dishes,Donatellis,White Bear Lake,Minnesota,Donatellis-White-Bear-Lake
4,Traditional Dishes,Stoney Creek Inn,Baltimore,Maryland,Stoney-Creek-Inn-Baltimore
4,Traditional Dishes,Alcenias,Memphis,Tennessee,Alcenias-Memphis
4,Doin Their Own Thing,Lone Star Taqueria,Salt Lake City,Utah,Lone-Star-Taqueria-Salt-Lake-City
4,Doin Their Own Thing,Modern Cafe,Minneapolis,Minnesota,Modern-Cafe-Minneapolis
4,Doin Their Own Thing,Brewburgers,Omaha,Nebraska,Brewburgers-Omaha
5,What’s For Breakfast,Surrey’s Cafe,New Orleans,Louisiana,Surrey’s-Cafe-New-Orleans
5,What’s For Breakfast,Harry’s Roadhouse,Santa Fe,New Mexico,Harry’s-Roadhouse-Santa-Fe
5,What’s For Breakfast,Dor-Stop Restaurant,Pittsburgh,Pennsylvania,Dor-Stop-Restaurant-Pittsburgh
5,Real Deal Italian,LoBello’s Spaghetti House,Coraopolis,Pennsylvania,LoBello’s-Spaghetti-House-Coraopolis
5,Real Deal Italian,Di Pasquale’s,Baltimore,Maryland,Di-Pasquale’s-Baltimore
5,Real Deal Italian,Pizzeria Luigi,San Diego,California,Pizzeria-Luigi-San-Diego
5,Not What You’d Expect,Sophia’s Place,Albuquerque,New Mexico,Sophia’s-Place-Albuquerque
5,Not What You’d Expect,Magnolia Cafe,Austin,Texas,Magnolia-Cafe-Austin
5,Not What You’d Expect,Glenn’s Diner,Chicago,Illinois,Glenn’s-Diner-Chicago
5,Places You Sent Me,Ruth’s Diner,Salt Lake City,Utah,Ruth’s-Diner-Salt-Lake-City
5,Places You Sent Me,O’Rourke’s Diner,Middletown,Connecticut,O’Rourke’s-Diner-Middletown
5,Places You Sent Me,Parasol’s,New Orleans,Louisiana,Parasol’s-New-Orleans
5,Long Time Legends,Tommy’s Joynt,San Francisco,California,Tommy’s-Joynt-San-Francisco
5,Long Time Legends,Joe Tess Place,Omaha,Nebraska,Joe-Tess-Place-Omaha
5,Long Time Legends,Big Jim’s,Pittsburgh,Pennsylvania,Big-Jim’s-Pittsburgh
5,Something from Everywhere,Valencia Luncheria,Norwalk,Connecticut,Valencia-Luncheria-Norwalk
5,Something from Everywhere,The Original Vito and Nick’s Pizzeria,Chicago,Illinois,The-Original-Vito-and-Nick’s-Pizzeria-Chicago
5,Something from Everywhere,Emily’s Lebanese Delicatessen,Minneapolis,Minnesota,Emily’s-Lebanese-Delicatessen-Minneapolis
5,Neighborhood Favorites,Pat’s BBQ,Salt Lake City,Utah,Pat’s-BBQ-Salt-Lake-City
5,Neighborhood Favorites,Blow Fly Inn,Gulfport,Mississippi,Blow-Fly-Inn-Gulfport
5,Neighborhood Favorites,Tune-Up Cafe,Santa Fe,New Mexico,Tune-Up-Cafe-Santa-Fe
5,Just Like Yesterday,Hob Nob Hill,San Diego,California,Hob-Nob-Hill-San-Diego
5,Just Like Yesterday,The Silver Skillet,Atlanta,Georgia,The-Silver-Skillet-Atlanta
5,Just Like Yesterday,Tufano’s Vernon Park Tap,Chicago,Illinois,Tufano’s-Vernon-Park-Tap-Chicago
5,Return to Route 66,Standard Diner,Albuquerque,New Mexico,Standard-Diner-Albuquerque
5,Return to Route 66,Dell Rheas Chicken Basket,Willowbrook,Illinois,Dell-Rheas-Chicken-Basket-Willowbrook
5,Return to Route 66,Salsa Brava,Flagstaff,Arizona,Salsa-Brava-Flagstaff
5,Smokin BBQ,Green Mesquite,Austin,Texas,Green-Mesquite-Austin
5,Smokin BBQ,Gorilla BBQ,Pacifica,California,Gorilla-BBQ-Pacifica
5,Smokin BBQ,Wilson’s Holy Smoke BBQ,Fairfield,Connecticut,Wilson’s-Holy-Smoke-BBQ-Fairfield
5,Regional Classics,Cecilia’s Cafe,Albuquerque,New Mexico,Cecilia’s-Cafe-Albuquerque
5,Regional Classics,Joey K’s Restaurant and Bar,New Orleans,Louisiana,Joey-K’s-Restaurant-and-Bar-New-Orleans
5,Regional Classics,Kelly O’s Diner,Pittsburgh,Pennsylvania,Kelly-O’s-Diner-Pittsburgh
5,All Kinds of Fast Food,Super Duper Weenie,Fairfield,Connecticut,Super-Duper-Weenie-Fairfield
5,All Kinds of Fast Food,California Tacos,Omaha,Nebraska,California-Tacos-Omaha
5,All Kinds of Fast Food,Bert’s Burger Bowl,Santa Fe,New Mexico,Bert’s-Burger-Bowl-Santa-Fe
5,Family Favorites,Giusti’s,Walnut Grove,California,Giusti’s-Walnut-Grove
5,Family Favorites,Haus Murphy’s,Glendale,Arizona,Haus-Murphy’s-Glendale
5,Family Favorites,Louie’s,Dallas,Texas,Louie’s-Dallas
6,Funky Joints,Bizzaro Cafe,Seattle,Washington,Bizzaro-Cafe-Seattle
6,Funky Joints,Chef Point Cafe,Wautaga,Texas,Chef-Point-Cafe-Wautaga
6,Funky Joints,Jamie’s Bar and Grill,Sacramento,California,Jamie’s-Bar-and-Grill-Sacramento
6,Their Own Way,Bluewater Seafood Market and Grill,San Diego,California,Bluewater-Seafood-Market-and-Grill-San-Diego
6,Their Own Way,Brandy’s Restaurant and Bakery,Flagstaff,Arizona,Brandy’s-Restaurant-and-Bakery-Flagstaff
6,Their Own Way,Kuma’s Corner,Chicago,Illinois,Kuma’s-Corner-Chicago
6,A Little Bit of Everywhere,Bar Gernika,Boise,Idaho,Bar-Gernika-Boise
6,A Little Bit of Everywhere,Cafe Rolle,Sacramento,California,Cafe-Rolle-Sacramento
6,A Little Bit of Everywhere,Havana Hideout,Lake Worth,Florida,Havana-Hideout-Lake-Worth
6,"""A Burger"," A Bowl and a Slice*""",La Piazza Al Forno,Glendale,"-A-Bowl-and-a-Slice*""-La-Piazza-Al-Forno"
6,"""A Burger"," A Bowl and a Slice*""",Slim’s Last Chance Chili Shack & Watering Hole,Seattle,"-A-Bowl-and-a-Slice*""-Slim’s-Last-Chance-Chili-Shack-&-Watering-Hole"
6,"""A Burger"," A Bowl and a Slice*""",Twisted Root Beer Co.,Dallas,"-A-Bowl-and-a-Slice*""-Twisted-Root-Beer-Co."
6,"""Biscuits"," Bagels and BLTs*""",Arleta Library,Bakery & Café,"-Bagels-and-BLTs*""-Arleta-Library"
6,"""Biscuits"," Bagels and BLTs*""",Bubba’s Diner,San Anselmo,"-Bagels-and-BLTs*""-Bubba’s-Diner"
6,"""Biscuits"," Bagels and BLTs*""",Flakowitz of Boynton Bakery & Deli Restaurant,Boynton Beach,"-Bagels-and-BLTs*""-Flakowitz-of-Boynton-Bakery-&-Deli-Restaurant"
6,Who’Da Thunk It,Backroad Pizza,Santa Fe,New Mexico,Backroad-Pizza-Santa-Fe
6,Who’Da Thunk It,Jamaica Gates Caribbean Cuisine,Arlington,Texas,Jamaica-Gates-Caribbean-Cuisine-Arlington
6,Who’Da Thunk It,Chef Lou’s Westside Drive-In,Boise,Idaho,Chef-Lou’s-Westside-Drive-In-Boise
6,Go-To Joints,Black Duck Cafe,Westport,Connecticut,Black-Duck-Cafe-Westport
6,Go-To Joints,Otto’s Sausage Kitchen and Meat Market,Portland,Oregon,Otto’s-Sausage-Kitchen-and-Meat-Market-Portland
6,Go-To Joints,Sol Food Puerto Rican Cuisine,San Rafael,California,Sol-Food-Puerto-Rican-Cuisine-San-Rafael
6,Homestyle,Giuseppe’s Restaurant,Phoenix,Arizona,Giuseppe’s-Restaurant-Phoenix
6,Homestyle,Southern Kitchen Restaurant,Tacoma,Washington,Southern-Kitchen-Restaurant-Tacoma
6,Homestyle,Zia Diner and Angel Food Catering,Santa Fe,New Mexico,Zia-Diner-and-Angel-Food-Catering-Santa-Fe
6,All Kinds of Classics,Blue Marlin Fish House Restaurant,North Miami Beach,Florida,Blue-Marlin-Fish-House-Restaurant-North-Miami-Beach
6,All Kinds of Classics,Fred’s Texas Cafe,Fort Worth,Texas,Fred’s-Texas-Cafe-Fort-Worth
6,All Kinds of Classics,Pine State Biscuits,Portland,Oregon,Pine-State-Biscuits-Portland
6,All Over The Map,Georgia Greek Restaurant and Deli,Seattle,Washington,Georgia-Greek-Restaurant-and-Deli-Seattle
6,All Over The Map,Los Tacquitos Grill,Phoenix,Arizona,Los-Tacquitos-Grill-Phoenix
6,All Over The Map,Rocco’s Cafe,San Francisco,California,Rocco’s-Cafe-San-Francisco
6,Old Time Favorites,Blueplate Lunch Counter and Soda Fountain,Portland,Oregon,Blueplate-Lunch-Counter-and-Soda-Fountain-Portland
6,Old Time Favorites,Don’s Hilltop Kodiak Grill,Boise,Idaho,Don’s-Hilltop-Kodiak-Grill-Boise
6,Old Time Favorites,La Camoronera Restaurant and Fish Market,Miami,Florida,La-Camoronera-Restaurant-and-Fish-Market-Miami
6,Comfort Cookin’,Dottie’s True Blue Cafe,San Francisco,California,Dottie’s-True-Blue-Cafe-San-Francisco
6,Comfort Cookin’,Over Easy,Phoenix,Arizona,Over-Easy-Phoenix
6,Comfort Cookin’,Comet Cafe,Milwaukee,Wisconsin,Comet-Cafe-Milwaukee
6,Mama’s Cookin’,Polka Restaurant and Catering,Los Angeles,California,Polka-Restaurant-and-Catering-Los-Angeles
6,Mama’s Cookin’,Avila’s Cafe,Dallas,Texas,Avila’s-Cafe-Dallas
6,Mama’s Cookin’,Mama Es,Oklahoma City,07/27/09,Mama-Es-Oklahoma-City
7,Upper Crust,Bunk Sandwiches,Portland,Oregon,Bunk-Sandwiches-Portland
7,Upper Crust,Sonny’s Famous Steak Hogies,Hollywood,Florida,Sonny’s-Famous-Steak-Hogies-Hollywood
7,Upper Crust,The Depot American Diner,Chicago,Illinois,The-Depot-American-Diner-Chicago
7,"""Burgers"," Tacos and Dogs*""",Lankford Grocery,Houston,"-Tacos-and-Dogs*""-Lankford-Grocery"
7,"""Burgers"," Tacos and Dogs*""",Fab Hot Dogs,Reseda,"-Tacos-and-Dogs*""-Fab-Hot-Dogs"
7,"""Burgers"," Tacos and Dogs*""",Cempazuchi,Milwaukee,"-Tacos-and-Dogs*""-Cempazuchi"
7,Name That Cook,Rick’s Press Room and Grill,Meridian,Idaho,Rick’s-Press-Room-and-Grill-Meridian
7,Name That Cook,Nic’s Grill,Oklahoma City,Oklahoma,Nic’s-Grill-Oklahoma-City
7,Name That Cook,Pam’s Kitchen,Seattle,Washington,Pam’s-Kitchen-Seattle
7,Global Grub,Prince Lebanese Grill,Arlington,Texas,Prince-Lebanese-Grill-Arlington
7,Global Grub,Tre Kronor,Chicago,Illinois,Tre-Kronor-Chicago
7,Global Grub,La Texanita,Santa Rosa,California,La-Texanita-Santa-Rosa
7,Only At This Joint,Podnah’s Pit Barbeque,Portland,Oregon,Podnah’s-Pit-Barbeque-Portland
7,Only At This Joint,Donnie Mac’s Trailer Park Cuisine,Boise,Idaho,Donnie-Mac’s-Trailer-Park-Cuisine-Boise
7,Only At This Joint,Whale’s Rib,Deerfield Beach,Florida,Whale’s-Rib-Deerfield-Beach
7,You Picked ‘Em,Eischen’s Bar and Grill,Okarche,Oklahoma,Eischen’s-Bar-and-Grill-Okarche
7,You Picked ‘Em,Mom’s Tamales,Los Angeles,California,Mom’s-Tamales-Los-Angeles
7,You Picked ‘Em,Kenny and Ziggy’s,Houston,Texas,Kenny-and-Ziggy’s-Houston
7,You Can Say That Again,Tap Tap Haitian Restaurant,Miami Beach,Florida,Tap-Tap-Haitian-Restaurant-Miami-Beach
7,You Can Say That Again,Pok Pok,Portland,Oregon,Pok-Pok-Portland
7,You Can Say That Again,Niko Niko’s,Houston,Texas,Niko-Niko’s-Houston
7,"""Barbequed"," Baked and Brined*""",Honky Tonk BBQ,Chicago,"-Baked-and-Brined*""-Honky-Tonk-BBQ"
7,"""Barbequed"," Baked and Brined*""",Pizzalchik,Boise,"-Baked-and-Brined*""-Pizzalchik"
7,"""Barbequed"," Baked and Brined*""",Lucky’s Café,Cleveland,"-Baked-and-Brined*""-Lucky’s-Café"
7,Blast from the Past,Cattlemens Steakhouse,Oklahoma City,Oklahoma,Cattlemens-Steakhouse-Oklahoma-City
7,Blast from the Past,Sam LaGrassas,Boston,Massachusetts,Sam-LaGrassas-Boston
7,Blast from the Past,Nickel Diner,Los Angeles,California,Nickel-Diner-Los-Angeles
7,Dives Worth a Drive,Parkview Nightclub,Cleveland,Ohio,Parkview-Nightclub-Cleveland
7,Dives Worth a Drive,The Shanty,Wadsworth,Illinois,The-Shanty-Wadsworth
7,Dives Worth a Drive,Grover’s Bar and Grill,East Amherst,New York,Grover’s-Bar-and-Grill-East-Amherst
7,Family Style,Louis Family Restaurant,Providence,Rhode Island,Louis-Family-Restaurant-Providence
7,Family Style,Cafe Pita+,Houston,Texas,Cafe-Pita+-Houston
7,Family Style,Mambos Cafe,Glendale,California,Mambos-Cafe-Glendale
7,Diners Times Three,The Little Depot Diner,Peabody,Massachusetts,The-Little-Depot-Diner-Peabody
7,Diners Times Three,Santa Cruz Diner,Santa Cruz,California,Santa-Cruz-Diner-Santa-Cruz
7,Diners Times Three,The Diner,Norman,Oklahoma,The-Diner-Norman
7,Legacies,Lake Effect Diner,Buffalo,New York,Lake-Effect-Diner-Buffalo
7,Legacies,Geraci’s Restaurant,Cleveland,Ohio,Geraci’s-Restaurant-Cleveland
7,Legacies,Morin’s Hometown Bar and Grill,Attleboro,Massachusetts,Morin’s-Hometown-Bar-and-Grill-Attleboro
8,"""Burgers"," Steaks and Chops*""",Mr. Bartley’s Gourmet Burgers,Cambridge,"-Steaks-and-Chops*""-Mr.-Bartley’s-Gourmet-Burgers"
8,"""Burgers"," Steaks and Chops*""",T-Bone Tom’s Steakhouse,Kemah,"-Steaks-and-Chops*""-T-Bone-Tom’s-Steakhouse"
8,"""Burgers"," Steaks and Chops*""",Tee Off Bar & Grill,San Francisco,"-Steaks-and-Chops*""-Tee-Off-Bar-&-Grill"
8,"""Pizza"," Pork and Paprikash*""",Pizza Junction,North Tonawanda,"-Pork-and-Paprikash*""-Pizza-Junction"
8,"""Pizza"," Pork and Paprikash*""",Sterle’s Slovenian Country House,Cleveland,"-Pork-and-Paprikash*""-Sterle’s-Slovenian-Country-House"
8,"""Pizza"," Pork and Paprikash*""",Q Restaurant,San Francisco,"-Pork-and-Paprikash*""-Q-Restaurant"
8,"""Stacked"," Stuffed and Loaded*""",Bob’s Taco Station,Rosenberg,"-Stuffed-and-Loaded*""-Bob’s-Taco-Station"
8,"""Stacked"," Stuffed and Loaded*""",Crazy Burger Café & Juice Bar,Narragansett,"-Stuffed-and-Loaded*""-Crazy-Burger-Café-&-Juice-Bar"
8,"""Stacked"," Stuffed and Loaded*""",The Oinkster,Eagle Rock,"-Stuffed-and-Loaded*""-The-Oinkster"
8,Triple D Goes Tailgatin’,Rudy’s Can’t Fail Cafe,Emeryville,California,Rudy’s-Can’t-Fail-Cafe-Emeryville
8,Triple D Goes Tailgatin’,900 Grayson Restaurant,Berkeley,California,900-Grayson-Restaurant-Berkeley
8,Triple D Goes Tailgatin’,Rick and Ann’s Restaurant,Berkeley,California,Rick-and-Ann’s-Restaurant-Berkeley
8,Home And Away,Taste of Peru,Chicago,Illinois,Taste-of-Peru-Chicago
8,Home And Away,Ingrid’s Kitchen,Oklahoma City,Oklahoma,Ingrid’s-Kitchen-Oklahoma-City
8,Home And Away,Blackthorn Restaurant and Pub,Buffalo,New York,Blackthorn-Restaurant-and-Pub-Buffalo
8,By Request,South 21 Drive-In,Charlotte,North Carolina,South-21-Drive-In-Charlotte
8,By Request,Red Lion Pub and Restaurant,Houston,Texas,Red-Lion-Pub-and-Restaurant-Houston
8,By Request,Melt Bar and Grilled,Lakewood,Ohio,Melt-Bar-and-Grilled-Lakewood
8,And The Kicker Is...,Pawley’s Front Porch,Columbia,South Carolina,Pawley’s-Front-Porch-Columbia
8,And The Kicker Is...,Sophia Restaurant,Buffalo,New York,Sophia-Restaurant-Buffalo
8,And The Kicker Is...,Bette’s Oceanview Diner,Berkeley,California,Bette’s-Oceanview-Diner-Berkeley
8,Comfort Food Classics,The Liberty Elm Diner,Providence,Rhode Island,The-Liberty-Elm-Diner-Providence
8,Comfort Food Classics,Naglee Park Garage,San Jose,California,Naglee-Park-Garage-San-Jose
8,Comfort Food Classics,Dish,Charlotte,North Carolina,Dish-Charlotte
8,Twists And Traditions,Earl’s Drive-In,Chaffee,New York,Earl’s-Drive-In-Chaffee
8,Twists And Traditions,Aldo’s Harbor Restaurant,Santa Cruz,California,Aldo’s-Harbor-Restaurant-Santa-Cruz
8,Twists And Traditions,Momocho,Cleveland,Ohio,Momocho-Cleveland
8,Fresh And Funky,Dish Cafe and Catering,Reno,Nevada,Dish-Cafe-and-Catering-Reno
8,Fresh And Funky,Landmark Restaurant,Charlotte,North Carolina,Landmark-Restaurant-Charlotte
8,Fresh And Funky,Pier 23 Cafe,San Francisco,California,Pier-23-Cafe-San-Francisco
8,Triple D Goes Hawaiian,Highway Inn and Ho’okipa Catering,Waipahu,Hawaii,Highway-Inn-and-Ho’okipa-Catering-Waipahu
8,Triple D Goes Hawaiian,Hank’s Haute Dogs,Honolulu,Hawaii,Hank’s-Haute-Dogs-Honolulu
8,Triple D Goes Hawaiian,Nico’s Pier 38,Honolulu,Hawaii,Nico’s-Pier-38-Honolulu
8,Triple D Goes Hawaiian,Germaine’s Luau,Kapolei,Hawaii,Germaine’s-Luau-Kapolei
9,Surf ‘n Turf,North End Cafe,Manhattan Beach,California,North-End-Cafe-Manhattan-Beach
9,Surf ‘n Turf,Gold ‘N Silver Inn,Reno,Nevada,Gold-‘N-Silver-Inn-Reno
9,Surf ‘n Turf,Singleton’s Seafood Shack,Atlantic Beach,Florida,Singleton’s-Seafood-Shack-Atlantic-Beach
9,Homegrown & Homemade,The Farmer’s Shed,Lexington,South Carolina,The-Farmer’s-Shed-Lexington
9,Homegrown & Homemade,Poke Stop at Mililana Mauka Llc.,Mililani,Hawaii,Poke-Stop-at-Mililana-Mauka-Llc.-Mililani
9,Homegrown & Homemade,Mulberry Cafe,Lackawanna,New York,Mulberry-Cafe-Lackawanna
9,Globetrottin’,Louis’ Basque Corner,Reno,Nevada,Louis’-Basque-Corner-Reno
9,Globetrottin’,13 Gypsies,Jacksonville,Florida,13-Gypsies-Jacksonville
9,Globetrottin’,Gloria’s Cafe,Los Angeles,California,Gloria’s-Cafe-Los-Angeles
9,Bringin’ It Home,Cafe Citti,Kenwood,California,Cafe-Citti-Kenwood
9,Bringin’ It Home,Cabo Fish Taco,Charlotte,North Carolina,Cabo-Fish-Taco-Charlotte
9,Bringin’ It Home,Murphy’s Bar and Grill,Honolulu,Hawaii,Murphy’s-Bar-and-Grill-Honolulu
9,Porkapalooza,At Last Cafe,Long Beach,California,At-Last-Cafe-Long-Beach
9,Porkapalooza,Virgil’s Cafe,Bellevue,Kentucky,Virgil’s-Cafe-Bellevue
9,Porkapalooza,Martin’s Bar-B-Que Joint,Nolensville,Tennessee,Martin’s-Bar-B-Que-Joint-Nolensville
9,"""Grilled"," Smoked and Sauced*""",Terry’s Turf Club,Cincinnati,"-Smoked-and-Sauced*""-Terry’s-Turf-Club"
9,"""Grilled"," Smoked and Sauced*""",Schellville Grille,Sonoma,"-Smoked-and-Sauced*""-Schellville-Grille"
9,"""Grilled"," Smoked and Sauced*""",Jake’s Good Eats,Charlotte,"-Smoked-and-Sauced*""-Jake’s-Good-Eats"
9,Comfort Food With Attitude,Jax At The Trax,Truckee,California,Jax-At-The-Trax-Truckee
9,Comfort Food With Attitude,Culhane’s Irish Pub,Atlantic Beach,Florida,Culhane’s-Irish-Pub-Atlantic-Beach
9,Comfort Food With Attitude,Blue Ash Chili Restaurant,Cincinnati,Ohio,Blue-Ash-Chili-Restaurant-Cincinnati
9,Fast Food Their Way,Don Chow Tacos,Los Angeles,California,Don-Chow-Tacos-Los-Angeles
9,Fast Food Their Way,Rainbow Drive-In,Honolulu,Hawaii,Rainbow-Drive-In-Honolulu
9,Fast Food Their Way,Northern Waters Smokehaus,Duluth,Minnesota,Northern-Waters-Smokehaus-Duluth
9,Farm To Table,Blackwater Grill,Saint Simons Island,Georgia,Blackwater-Grill-Saint-Simons-Island
9,Farm To Table,Comet Ping Pong,Washington D.C.,06/28/10,Comet-Ping-Pong-Washington-D.C.
9,Farm To Table,Wallace Station,Versailles,Kentucky,Wallace-Station-Versailles
9,Kansas City Barbeque Tour,Smokin’ Guns BBQ,North Kansas City,Missouri,Smokin’-Guns-BBQ-North-Kansas-City
9,Kansas City Barbeque Tour,RJ’s Bob-Be-Que Shack,Mission,Kansas,RJ’s-Bob-Be-Que-Shack-Mission
9,Kansas City Barbeque Tour,Johnny’s Bar-B-Q,Mission,Kansas,Johnny’s-Bar-B-Q-Mission
9,Kansas City Barbeque Tour,Woodyard Bar-B-Que,Kansas City,Kansas,Woodyard-Bar-B-Que-Kansas-City
9,Burgers ‘n More,Swagger Fine Spirits and Food,Kansas City,Missouri,Swagger-Fine-Spirits-and-Food-Kansas-City
9,Burgers ‘n More,Burger Me!,Truckee,California,Burger-Me!-Truckee
9,Burgers ‘n More,Athens Family Restaurant,Nashville,Tennessee,Athens-Family-Restaurant-Nashville
9,You Called It,Paul’s Coffee Shop,Fountain Valley,California,Paul’s-Coffee-Shop-Fountain-Valley
9,You Called It,Rick’s White Light Diner,Frankfort,Kentucky,Rick’s-White-Light-Diner-Frankfort
9,You Called It,Gordy’s Hi-Hat,Cloquet,Minnesota,Gordy’s-Hi-Hat-Cloquet
9,Old Time Attitude,Arnold’s Country Kitchen,Nashville,Tennessee,Arnold’s-Country-Kitchen-Nashville
9,Old Time Attitude,Southern Soul Barbeque,Saint Simons Island,Georgia,Southern-Soul-Barbeque-Saint-Simons-Island
9,Old Time Attitude,Maine Diner,Wells,Maine,Maine-Diner-Wells
10,Family Joints,Kramarczuk’s,Minneapolis,Minnesota,Kramarczuk’s-Minneapolis
10,Family Joints,Happy Gillis Cafe and Hangout,Kansas City,Missouri,Happy-Gillis-Cafe-and-Hangout-Kansas-City
10,Family Joints,Hillbilly Hot Dogs,Lesage,West Virginia,Hillbilly-Hot-Dogs-Lesage
10,Tried and True,Mama Cozza’s,Anaheim,California,Mama-Cozza’s-Anaheim
10,Tried and True,Tune In Restaurant,Washington D.C.,09/09/10,Tune-In-Restaurant-Washington-D.C.
10,Tried and True,Bob’s Clam Hut,Kittery,Maine,Bob’s-Clam-Hut-Kittery
10,Timeless,Greek Corner Restaurant,Cambridge,Massachusetts,Greek-Corner-Restaurant-Cambridge
10,Timeless,Bro’s Cajun Cuisine,Nashville,Tennessee,Bro’s-Cajun-Cuisine-Nashville
10,Timeless,The General Store,Silver Spring,Maryland,The-General-Store-Silver-Spring
10,You Found ‘Em,Parkette Drive In,Lexington,Kentucky,Parkette-Drive-In-Lexington
10,You Found ‘Em,Metro Diner,Jacksonville,Florida,Metro-Diner-Jacksonville
10,You Found ‘Em,Al’s Breakfast,Minneapolis,Minnesota,Al’s-Breakfast-Minneapolis
10,"""Wings"," Dogs and Claws*""",The Lobster Shanty,Salem,"-Dogs-and-Claws*""-The-Lobster-Shanty"
10,"""Wings"," Dogs and Claws*""",The Brick,Kansas City,"-Dogs-and-Claws*""-The-Brick"
10,"""Wings"," Dogs and Claws*""",Oohh’s & Aahh’s Gourmet Deli,Washington D.C.,"-Dogs-and-Claws*""-Oohh’s-&-Aahh’s-Gourmet-Deli"
10,Sauced and Spiced,J.J. McBrewster’s,Lexington,Kentucky,J.J.-McBrewster’s-Lexington
10,Sauced and Spiced,At Sara’s Table Chester Creek Cafe,Duluth,Minnesota,At-Sara’s-Table-Chester-Creek-Cafe-Duluth
10,Sauced and Spiced,Cafe Rakka,Hendersonville,Tennessee,Cafe-Rakka-Hendersonville
10,Made to Order,Rino’s Place,East Boston,Massachusetts,Rino’s-Place-East-Boston
10,Made to Order,The Blue Door Pub,Saint Paul,Minnesota,The-Blue-Door-Pub-Saint-Paul
10,Made to Order,Bay Way Diner,Linden,New Jersey,Bay-Way-Diner-Linden
10,"""Fresh"," Filled and Fried*""",Chaps Coffee Co.,Spokane,"-Filled-and-Fried*""-Chaps-Coffee-Co."
10,"""Fresh"," Filled and Fried*""",Good Dog Bar & Restaurant,Philadelphia,"-Filled-and-Fried*""-Good-Dog-Bar-&-Restaurant"
10,"""Fresh"," Filled and Fried*""",Porthole Restaurant,Portland,"-Filled-and-Fried*""-Porthole-Restaurant"
10,Gone Global,LaCaraquena,Falls Church,Virginia,LaCaraquena-Falls-Church
10,Gone Global,Savarino’s Cucina,Nashville,Tennessee,Savarino’s-Cucina-Nashville
10,Gone Global,Brats Brothers,Sherman Oaks,California,Brats-Brothers-Sherman-Oaks
10,A Triple D Thanksgiving,George’s Place,Cape May,New Jersey,George’s-Place-Cape-May
10,A Triple D Thanksgiving,Becky’s Diner,Portland,Maine,Becky’s-Diner-Portland
10,A Triple D Thanksgiving,Sammy’s Food Service and Deli,New Orleans,Louisiana,Sammy’s-Food-Service-and-Deli-New-Orleans
10,Sweet ‘n Savory,Meal Ticket,Berkeley,California,Meal-Ticket-Berkeley
10,Sweet ‘n Savory,Metro 29 Diner,Arlington,Virginia,Metro-29-Diner-Arlington
10,Sweet ‘n Savory,Duluth Grill,Duluth,Minnesota,Duluth-Grill-Duluth
10,Wings ‘n Things,10th Avenue Burrito,Belmar,New Jersey,10th-Avenue-Burrito-Belmar
10,Wings ‘n Things,Capone’s Pub,Coeur d’Alene,Idaho,Capone’s-Pub-Coeur-d’Alene
10,Wings ‘n Things,Jamaicaway,Nashville,Tennessee,Jamaicaway-Nashville
10,Sandwiches Plus,Elk Public House,Spokane,Washington,Elk-Public-House-Spokane
10,Sandwiches Plus,Colossal Cafe,Minneapolis,Minnesota,Colossal-Cafe-Minneapolis
10,Sandwiches Plus,Maui’s Dog House,Wildwood,New Jersey,Maui’s-Dog-House-Wildwood
11,From Pork to Tofu,Tortilla Cafe,Washington D.C.,01/03/11,Tortilla-Cafe-Washington-D.C.
11,From Pork to Tofu,Memphis Taproom,Philadelphia,Pennsylvania,Memphis-Taproom-Philadelphia
11,From Pork to Tofu,The Golden Bear,Sacramento,California,The-Golden-Bear-Sacramento
11,"""Po’ Boys"," Pasta and Pork*""",Mahoney’s Po-Boy Shop,New Orleans,"-Pasta-and-Pork*""-Mahoney’s-Po-Boy-Shop"
11,"""Po’ Boys"," Pasta and Pork*""",Hill’s Restaurant & Lounge,Spokane,"-Pasta-and-Pork*""-Hill’s-Restaurant-&-Lounge"
11,"""Po’ Boys"," Pasta and Pork*""",Q Fanatic BBQ,Champlin,"-Pasta-and-Pork*""-Q-Fanatic-BBQ"
11,Funky Finds,Sage General Store,Queens,New York,Sage-General-Store-Queens
11,Funky Finds,Quahog’s Seafood Shack,Stone Harbor,New Jersey,Quahog’s-Seafood-Shack-Stone-Harbor
11,Funky Finds,W.O.W. - Worth Our Weight,Santa Rosa,California,W.O.W.---Worth-Our-Weight-Santa-Rosa
11,Quirky Classics,Louie and The Red Head Lady,Mandeville,Louisiana,Louie-and-The-Red-Head-Lady-Mandeville
11,Quirky Classics,Honey’s Sit-N-Eat,Philadelphia,Pennsylvania,Honey’s-Sit-N-Eat-Philadelphia
11,Quirky Classics,Picabu Neighborhood Bistro,Spokane,Washington,Picabu-Neighborhood-Bistro-Spokane
11,A Little Twisted,The Pit Stop,Merrick,New York,The-Pit-Stop-Merrick
11,A Little Twisted,Gatsby’s Diner,Sacramento,California,Gatsby’s-Diner-Sacramento
11,A Little Twisted,Anchor Bar,Superior,Wisconsin,Anchor-Bar-Superior
11,Signature Sandwiches,La Pines Cafe,Slidell,Louisiana,La-Pines-Cafe-Slidell
11,Signature Sandwiches,Steuben’s Food Service,Denver,Colorado,Steuben’s-Food-Service-Denver
11,Signature Sandwiches,3 Sisters Cafe,Indianapolis,Indiana,3-Sisters-Cafe-Indianapolis
11,Favorites With A Twist,Jimmy’s Down the Street,Coeur d’Alene,Idaho,Jimmy’s-Down-the-Street-Coeur-d’Alene
11,Favorites With A Twist,Aunt Mary’s Cafe,Oakland,California,Aunt-Mary’s-Cafe-Oakland
11,Favorites With A Twist,Corey’s Catsup and Mustard,Manchester,Connecticut,Corey’s-Catsup-and-Mustard-Manchester
11,Soup & Sandwiches,Pineville Tavern,Pineville,Pennsylvania,Pineville-Tavern-Pineville
11,Soup & Sandwiches,Indy’s Historic Steer-In Restaurant,Indianapolis,Indiana,Indy’s-Historic-Steer-In-Restaurant-Indianapolis
11,Soup & Sandwiches,Dad’s Kitchen,Sacramento,California,Dad’s-Kitchen-Sacramento
11,From Crepes to Kreplach,Ben’s Best Deli,Queens,New York,Ben’s-Best-Deli-Queens
11,From Crepes to Kreplach,Foolish Craig’s Cafe,Boulder,Colorado,Foolish-Craig’s-Cafe-Boulder
11,From Crepes to Kreplach,Waddell’s Pub and Grille,Spokane,Washington,Waddell’s-Pub-and-Grille-Spokane
11,Fully Loaded,Katie’s Restaurant,New Orleans,Louisiana,Katie’s-Restaurant-New-Orleans
11,Fully Loaded,Jersey Cafe,Carmel,Indiana,Jersey-Cafe-Carmel
11,Fully Loaded,Merritt Canteen Inc.,Bridgeport,Connecticut,Merritt-Canteen-Inc.-Bridgeport
11,From Mozz to Matzo Balls,Sunflower Cafe,Sonoma,California,Sunflower-Cafe-Sonoma
11,From Mozz to Matzo Balls,Hildebrandt’s,Williston Park,New York,Hildebrandt’s-Williston-Park
11,From Mozz to Matzo Balls,The Bagel Delicatessen and Restaurant,Denver,Colorado,The-Bagel-Delicatessen-and-Restaurant-Denver
11,Signature Twists,The Barking Dog,Indianapolis,Indiana,The-Barking-Dog-Indianapolis
11,Signature Twists,Putah Creek Cafe,Winters,California,Putah-Creek-Cafe-Winters
11,Signature Twists,The Old Coffee Pot Restaurant,New Orleans,Louisiana,The-Old-Coffee-Pot-Restaurant-New-Orleans
11,Porktastic,Jimtown Store,Healdsburg,California,Jimtown-Store-Healdsburg
11,Porktastic,Dough Pizzeria Napoletana,San Antonio,Texas,Dough-Pizzeria-Napoletana-San-Antonio
11,Porktastic,Sam’s No. 3,Denver,Colorado,Sam’s-No.-3-Denver
12,Bar Food and Bon Bons,The Sparrow Tavern,Queens,New York,The-Sparrow-Tavern-Queens
12,Bar Food and Bon Bons,Catelli’s,Geyserville,California,Catelli’s-Geyserville
12,Bar Food and Bon Bons,Zest,Indianapolis,Indiana,Zest-Indianapolis
12,From Kraut to Couscous,Lauer-Krauts,Brighton,Colorado,Lauer-Krauts-Brighton
12,From Kraut to Couscous,Moroccan Bites,San Antonio,Texas,Moroccan-Bites-San-Antonio
12,From Kraut to Couscous,California Tacos To Go,Tampa,Florida,California-Tacos-To-Go-Tampa
12,You Can Only Get It Here,HRD Coffee Shop,San Francisco,California,HRD-Coffee-Shop-San-Francisco
12,You Can Only Get It Here,The Tamale Place,Indianapolis,Indiana,The-Tamale-Place-Indianapolis
12,You Can Only Get It Here,Garifuna Flava,Chicago,Illinois,Garifuna-Flava-Chicago
12,Grillin’ and Smokin’,Bun ‘N Barrel,San Antonio,Texas,Bun-‘N-Barrel-San-Antonio
12,Grillin’ and Smokin’,Tocabe American Indian Eatery,Denver,Colorado,Tocabe-American-Indian-Eatery-Denver
12,Grillin’ and Smokin’,Munch’s Restaurant and Sundries,Saint Petersburg,Florida,Munch’s-Restaurant-and-Sundries-Saint-Petersburg
12,Southern Flavor,Broken Record,San Francisco,California,Broken-Record-San-Francisco
12,Southern Flavor,Bang!,Denver,Colorado,Bang!-Denver
12,Southern Flavor,Jose’s Real Cuban Food,Bradenton,Florida,Jose’s-Real-Cuban-Food-Bradenton
12,Gettin’ Fresh,The Sink,Boulder,Colorado,The-Sink-Boulder
12,Gettin’ Fresh,Nana Organic,Chicago,Illinois,Nana-Organic-Chicago
12,Gettin’ Fresh,Get Fresh Cafe,Norfolk,Virginia,Get-Fresh-Cafe-Norfolk
12,Homemade & Homebrewed,Tampa Bay Brewing Co.,Tampa,Florida,Tampa-Bay-Brewing-Co.-Tampa
12,Homemade & Homebrewed,Zydeco’s,Mooresville,Indiana,Zydeco’s-Mooresville
12,Homemade & Homebrewed,Chilam Balam,Chicago,Illinois,Chilam-Balam-Chicago
12,Latin Street Food,Irazu,Chicago,Illinois,Irazu-Chicago
12,Latin Street Food,Beto’s Comida Latina,San Antonio,Texas,Beto’s-Comida-Latina-San-Antonio
12,Latin Street Food,Tortilleria Nixtamal,Queens,New York,Tortilleria-Nixtamal-Queens
12,Slammin Sammies,Taco Taco Mexican Restaurant,San Antonio,Texas,Taco-Taco-Mexican-Restaurant-San-Antonio
12,Slammin Sammies,Whitners Barbeque,Virginia Beach,Virginia,Whitners-Barbeque-Virginia-Beach
12,Slammin Sammies,DMK Burger Bar,Chicago,Illinois,DMK-Burger-Bar-Chicago
12,Global Comfort,Rigoletto Italian Bakery and Cafe,Virginia Beach,Virginia,Rigoletto-Italian-Bakery-and-Cafe-Virginia-Beach
12,Global Comfort,Chuck’s Southern Comforts Cafe,Burbank,Illinois,Chuck’s-Southern-Comforts-Cafe-Burbank
12,Global Comfort,El Bohio,San Antonio,Texas,El-Bohio-San-Antonio
12,"""Breakfast"," Lunch and Dinner*""",Magnolia Pancake Haus,San Antonio,"-Lunch-and-Dinner*""-Magnolia-Pancake-Haus"
12,"""Breakfast"," Lunch and Dinner*""",Taco Bus,Tampa,"-Lunch-and-Dinner*""-Taco-Bus"
12,"""Breakfast"," Lunch and Dinner*""",Beach Pub,Virginia Beach,"-Lunch-and-Dinner*""-Beach-Pub"
12,"""Pizza"," Pancakes and Pork*""",Supino Pizzeria,Detroit,"-Pancakes-and-Pork*""-Supino-Pizzeria"
12,"""Pizza"," Pancakes and Pork*""",Big & Littles,Chicago,"-Pancakes-and-Pork*""-Big-&-Littles"
12,"""Pizza"," Pancakes and Pork*""",Citrus Breakfast & Lunch,Virginia Beach,"-Pancakes-and-Pork*""-Citrus-Breakfast-&-Lunch"
12,Old to New,Polish Village Cafe,Hamtramck,Michigan,Polish-Village-Cafe-Hamtramck
12,Old to New,Leaping Lizards Cafe,Virginia Beach,Virginia,Leaping-Lizards-Cafe-Virginia-Beach
12,Old to New,Jethros Fine Grub,Vancouver,British Columbia,Jethros-Fine-Grub-Vancouver
13,Seafood & Sammies,Fresh Local Wild,Vancouver,British Columbia,Fresh-Local-Wild-Vancouver
13,Seafood & Sammies,Traffic Jam and Snug,Detroit,Michigan,Traffic-Jam-and-Snug-Detroit
13,Seafood & Sammies,Panozzos Italian Market,Chicago,Illinois,Panozzos-Italian-Market-Chicago
13,Coast to Coast Classics,Tomahawk Restaurant,North Vancouver,British Columbia,Tomahawk-Restaurant-North-Vancouver
13,Coast to Coast Classics,Dannys All American Diner,Tampa,Florida,Dannys-All-American-Diner-Tampa
13,Kid Rocks Detroit Tour,Clarkston Union Bar and Kitchen,Clarkston,Michigan,Clarkston-Union-Bar-and-Kitchen-Clarkston
13,Kid Rocks Detroit Tour,Union Woodshop,Clarkston,Michigan,Union-Woodshop-Clarkston
13,Kid Rocks Detroit Tour,Michigan Brewing Co.,Webberville,Michigan,Michigan-Brewing-Co.-Webberville
13,Southern Staples,Red Wagon Cafe,Vancouver,British Columbia,Red-Wagon-Cafe-Vancouver
13,Southern Staples,Perfectly Franks,Summerville,South Carolina,Perfectly-Franks-Summerville
13,Southern Staples,Mamas Food Shop,Manhattan,New York,Mamas-Food-Shop-Manhattan
13,Scratch Made Classics,Litos Mexican Restaurant,Santa Barbara,California,Litos-Mexican-Restaurant-Santa-Barbara
13,Scratch Made Classics,Save On Meats,Vancouver,British Columbia,Save-On-Meats-Vancouver
13,Scratch Made Classics,The Redhead,Manhattan,New York,The-Redhead-Manhattan
13,Meat Madness,Rincon Criollo,Queens,New York,Rincon-Criollo-Queens
13,Meat Madness,Tattooed Moose,Charleston,South Carolina,Tattooed-Moose-Charleston
13,Meat Madness,Falconettis,Vancouver,British Columbia,Falconettis-Vancouver
13,Global Traditions,Johns of 12th Street,Manhattan,New York,Johns-of-12th-Street-Manhattan
13,Global Traditions,Macs Fish and Chip Shop,Santa Barbara,California,Macs-Fish-and-Chip-Shop-Santa-Barbara
13,Multitaskers,The Early Bird Diner,Charleston,South Carolina,The-Early-Bird-Diner-Charleston
13,Multitaskers,Boulevard Diner,Dundalk,Maryland,Boulevard-Diner-Dundalk
13,Multitaskers,The Kitchen,Oxnard,California,The-Kitchen-Oxnard
13,Family Matters,Sidecar,Brooklyn,New York,Sidecar-Brooklyn
13,Family Matters,Peaceful Restaurant,Vancouver,British Columbia,Peaceful-Restaurant-Vancouver
13,Family Matters,Flip Flops Grill and Chill,Virginia Beach,Virginia,Flip-Flops-Grill-and-Chill-Virginia-Beach
13,"""Old Faves"," New Craves*""",Norton's Pastrami & Deli,Santa Barbara,"-New-Craves*""-Norton's-Pastrami-&-Deli"
13,"""Old Faves"," New Craves*""",Meat & Bread,Vancouver,"-New-Craves*""-Meat-&-Bread"
13,"""Old Faves"," New Craves*""",Fuel Cantina,Charleston,"-New-Craves*""-Fuel-Cantina"
13,Long Standing Legacies,Defontes Sandwich Shop,Brooklyn,New York,Defontes-Sandwich-Shop-Brooklyn
13,Long Standing Legacies,The Glass Onion,Charleston,South Carolina,The-Glass-Onion-Charleston
13,Long Standing Legacies,Galway Bay Irish Pub,Annapolis,Maryland,Galway-Bay-Irish-Pub-Annapolis
13,Time Tested Treasures,RandR Taqueria,Elkridge,Maryland,RandR-Taqueria-Elkridge
13,Time Tested Treasures,Nyes Polonaise Room,Minneapolis,Minnesota,Nyes-Polonaise-Room-Minneapolis
13,Time Tested Treasures,Moseberths Fried Chicken,Portsmouth,Virginia,Moseberths-Fried-Chicken-Portsmouth
13,Outside the Box,Joe Squared Pizza,Baltimore,Maryland,Joe-Squared-Pizza-Baltimore
13,Outside the Box,Pepes and Mitos,Dallas,Texas,Pepes-and-Mitos-Dallas
13,Outside the Box,Savoy Cafe and Deli,Santa Barbara,California,Savoy-Cafe-and-Deli-Santa-Barbara
14,Triple D All Stars,Pizzeria Lola,Minneapolis,Minnesota,Pizzeria-Lola-Minneapolis
14,Triple D All Stars,Monument Cafe,Georgetown,Texas,Monument-Cafe-Georgetown
14,Streamlined Sammies,Lukes Inside Out,Austin,Texas,Lukes-Inside-Out-Austin
14,Streamlined Sammies,Smack Shack at The 1029 Bar,Minneapolis,Minnesota,Smack-Shack-at-The-1029-Bar-Minneapolis
14,Streamlined Sammies,Maple and Motor,Dallas,Texas,Maple-and-Motor-Dallas
14,Crankin Up the Classics,Broders Cucina Italiana,Minneapolis,Minnesota,Broders-Cucina-Italiana-Minneapolis
14,Crankin Up the Classics,Chop House Burgers,Arlington,Texas,Chop-House-Burgers-Arlington
14,Passin The Baton,Petes Breakfast House,Ventura,California,Petes-Breakfast-House-Ventura
14,Passin The Baton,Sip and Bite Restaurant,Baltimore,Maryland,Sip-and-Bite-Restaurant-Baltimore
14,Big Time Flavor,Marlas Caribbean Cuisine,Minneapolis,Minnesota,Marlas-Caribbean-Cuisine-Minneapolis
14,Big Time Flavor,Cane Rosso,Dallas,Texas,Cane-Rosso-Dallas
14,Big Time Flavor,Counter Cafe,Austin,Texas,Counter-Cafe-Austin
14,Unexpected Eats,Smalleys Caribbean Barbeque,Stillwater,Minnesota,Smalleys-Caribbean-Barbeque-Stillwater
14,Unexpected Eats,Johnny Garlics,Santa Rosa,California,Johnny-Garlics-Santa-Rosa
14,Unexpected Eats,Harveys Hot Dogs II,Portsmouth,Virginia,Harveys-Hot-Dogs-II-Portsmouth
14,BBQ Road Show,Pecan Lodge,Dallas,Texas,Pecan-Lodge-Dallas
14,BBQ Road Show,John Mulls Meats and Road Kill Grill,Las Vegas,Nevada,John-Mulls-Meats-and-Road-Kill-Grill-Las-Vegas
14,"""All Vegas"," All the Time*""",Naked City Pizza,Las Vegas,"-All-the-Time*""-Naked-City-Pizza"
14,"""All Vegas"," All the Time*""",Forte European Tapas Bar & Bistro,Las Vegas,"-All-the-Time*""-Forte-European-Tapas-Bar-&-Bistro"
14,"""All Vegas"," All the Time*""",UNLV,Las Vegas,"-All-the-Time*""-UNLV"
14,Serious Sandwiches,Lolas - A Louisiana Kitchen,Las Vegas,Nevada,Lolas---A-Louisiana-Kitchen-Las-Vegas
14,Serious Sandwiches,Noble Pig Sandwiches,Austin,Texas,Noble-Pig-Sandwiches-Austin
14,Serious Sandwiches,Casper and Runyons Nook,Saint Paul,Minnesota,Casper-and-Runyons-Nook-Saint-Paul
14,International Eats,Bachi Burger,Las Vegas,Nevada,Bachi-Burger-Las-Vegas
14,International Eats,Afrah,Richardson,Texas,Afrah-Richardson
14,International Eats,Gazalas Place,Manhattan,New York,Gazalas-Place-Manhattan
14,Belly Up,Hopleaf Bar,Chicago,Illinois,Hopleaf-Bar-Chicago
14,Belly Up,Foreign and Domestic,Austin,Texas,Foreign-and-Domestic-Austin
14,Dynamic Dishes,Jawaiian Irie Jerk Restaurant,Honolulu,Hawaii,Jawaiian-Irie-Jerk-Restaurant-Honolulu
14,Dynamic Dishes,Taste of Europe,Arlington,Texas,Taste-of-Europe-Arlington
14,Dynamic Dishes,Yayo Taco,Las Vegas,Nevada,Yayo-Taco-Las-Vegas
14,Coast to Coast Chow,Camilles on Wheels,Kailua,Hawaii,Camilles-on-Wheels-Kailua
14,Coast to Coast Chow,Chicago Brauhaus,Chicago,Illinois,Chicago-Brauhaus-Chicago
14,Coast to Coast Chow,Dixie Supply Bakery and Cafe,Charleston,South Carolina,Dixie-Supply-Bakery-and-Cafe-Charleston
15,Unconventional Comforts,Heeia Kea Pier General Store and Deli,Kaneohe,Hawaii,Heeia-Kea-Pier-General-Store-and-Deli-Kaneohe
15,Unconventional Comforts,Rex Italian Foods,Norridge,Illinois,Rex-Italian-Foods-Norridge
15,Unconventional Comforts,Memphis Street Cafe,Hernando,Mississippi,Memphis-Street-Cafe-Hernando
15,Goin the Extra Mile,bopNgrill,Chicago,Illinois,bopNgrill-Chicago
15,Goin the Extra Mile,Sweet Home Waimanalo,Waimanalo,Hawaii,Sweet-Home-Waimanalo-Waimanalo
15,Savory Standouts,90 Miles Cuban Cafe,Chicago,Illinois,90-Miles-Cuban-Cafe-Chicago
15,Savory Standouts,Davis Pub,Annapolis,Maryland,Davis-Pub-Annapolis
15,Surf N Turf Jackpot,Memphis Barbecue Co.,Horn Lake,Mississippi,Memphis-Barbecue-Co.-Horn-Lake
15,Surf N Turf Jackpot,Fresh Catch,Honolulu,Hawaii,Fresh-Catch-Honolulu
15,Massachusetts Madness,Italian Express Pizzeria,East Boston,Massachusetts,Italian-Express-Pizzeria-East-Boston
15,Massachusetts Madness,Cuttys,Brookline,Massachusetts,Cuttys-Brookline
15,East Coast Comfort,Tupelo,Cambridge,Massachusetts,Tupelo-Cambridge
15,East Coast Comfort,Pattis Pierogis,Fall River,Massachusetts,Pattis-Pierogis-Fall-River
15,East Coast Comfort,Angelos Civito Farnese,Providence,Rhode Island,Angelos-Civito-Farnese-Providence
15,East Coast Comfort,Mediterraneo Caffe,Providence,Rhode Island,Mediterraneo-Caffe-Providence
15,Flavortown Medley,South Of Beale (SOB),Memphis,Tennessee,South-Of-Beale-(SOB)-Memphis
15,Flavortown Medley,Big Wave Shrimp Truck,Haleiwa,Hawaii,Big-Wave-Shrimp-Truck-Haleiwa
15,Flavortown Medley,Chaps Pit Beef,Baltimore,Maryland,Chaps-Pit-Beef-Baltimore
15,"""Burgers"," Noodles and Quahogs*""",Boston Burger Company,Boston,"-Noodles-and-Quahogs*""-Boston-Burger-Company"
15,"""Burgers"," Noodles and Quahogs*""",Anthony's Seafood,Middletown,"-Noodles-and-Quahogs*""-Anthony's-Seafood"
15,"""Burgers"," Noodles and Quahogs*""",Guerilla Street Food,St. Louis,"-Noodles-and-Quahogs*""-Guerilla-Street-Food"
15,Handcrafted,The Elegant Farmer,Mukwonago,Wisconsin,The-Elegant-Farmer-Mukwonago
15,Handcrafted,Italian Corner,East Providence,Rhode Island,Italian-Corner-East-Providence
15,"""All Family"," All the Time*""",Anthonino's Taverna,St. Louis,"-All-the-Time*""-Anthonino's-Taverna"
15,"""All Family"," All the Time*""",Three Angels Diner,Memphis,"-All-the-Time*""-Three-Angels-Diner"
15,"""All Family"," All the Time*""",Opal Thai Food,Haleiwa,"-All-the-Time*""-Opal-Thai-Food"
15,Food Done Right,Aunt Carries,Narragansett,Rhode Island,Aunt-Carries-Narragansett
15,Food Done Right,The Shaved Duck,Saint Louis,Missouri,The-Shaved-Duck-Saint-Louis
15,Food Done Right,Angelas Cafe,East Boston,Massachusetts,Angelas-Cafe-East-Boston
15,Pubs and Grub,Dressels Public House,Saint Louis,Missouri,Dressels-Public-House-Saint-Louis
15,Pubs and Grub,Outer Banks Brewing Station,Kill Devil Hills,North Carolina,Outer-Banks-Brewing-Station-Kill-Devil-Hills
15,Pubs and Grub,Edgewood Cafe,Cranston,Rhode Island,Edgewood-Cafe-Cranston
15,Turn On Traditional,Kitty Hoynes,Syracuse,New York,Kitty-Hoynes-Syracuse
15,Turn On Traditional,Espinos Mexican Bar and Grill,Chesterfield,Missouri,Espinos-Mexican-Bar-and-Grill-Chesterfield
15,Turn On Traditional,Yankee Lobster Company,Boston,Massachusetts,Yankee-Lobster-Company-Boston
16,Authentic Eats,Highway 61 Roadhouse and Kitchen,Webster Groves,Missouri,Highway-61-Roadhouse-and-Kitchen-Webster-Groves
16,Authentic Eats,Byblos Mediterranean Cafe,Syracuse,New York,Byblos-Mediterranean-Cafe-Syracuse
16,Fully Focused,Brine and Bottle,Nags Head,North Carolina,Brine-and-Bottle-Nags-Head
16,Fully Focused,Pastabilities,Syracuse,New York,Pastabilities-Syracuse
16,Far Out,La Isla Restaurant,Hoboken,New Jersey,La-Isla-Restaurant-Hoboken
16,Far Out,Funk n Waffles,Syracuse,New York,Funk-n-Waffles-Syracuse
16,Far Out,Cravings,Duck,North Carolina,Cravings-Duck
16,Matches Made in Heaven,Ortegaz Southwestern Grill,Manteo,North Carolina,Ortegaz-Southwestern-Grill-Manteo
16,Matches Made in Heaven,The Smoke Joint,Brooklyn,New York,The-Smoke-Joint-Brooklyn
16,Savory Sensations,The Weeping Radish,Jarvisburg,North Carolina,The-Weeping-Radish-Jarvisburg
16,Savory Sensations,Jimmy’s Diner,Brooklyn,New York,Jimmy’s-Diner-Brooklyn
16,Hometown Haunts,Maries Italian Specialties,Chatham,New Jersey,Maries-Italian-Specialties-Chatham
16,Hometown Haunts,Darbys Cafe,Olympia,Washington,Darbys-Cafe-Olympia
16,Land to Sea,Empire Brewing Company,Syracuse,New York,Empire-Brewing-Company-Syracuse
16,Land to Sea,Black Pelican Oceanfront Restaurant,Kitty Hawk,North Carolina,Black-Pelican-Oceanfront-Restaurant-Kitty-Hawk
16,Land to Sea,Fish Tale Brew Pub,Olympia,Washington,Fish-Tale-Brew-Pub-Olympia
16,Decadent Dishes,Crocketts Public House,Puyallup,Washington,Crocketts-Public-House-Puyallup
16,Decadent Dishes,Pies N Thighs,Brooklyn,New York,Pies-N-Thighs-Brooklyn
16,Eurocentric,Evas European Sweets,Syracuse,New York,Evas-European-Sweets-Syracuse
16,Eurocentric,Brunos European Restaurant,Tacoma,Washington,Brunos-European-Restaurant-Tacoma
16,Eurocentric,Hey Meatball,Toronto,Ontario,Hey-Meatball-Toronto
16,Hittin the Grill,Crown Bar,Tacoma,Washington,Crown-Bar-Tacoma
16,Hittin the Grill,The Golden State,Los Angeles,California,The-Golden-State-Los-Angeles
16,Unlikely Partners,Beer Belly,Los Angeles,California,Beer-Belly-Los-Angeles
16,Unlikely Partners,Lakeview Restaurant,Toronto,Ontario,Lakeview-Restaurant-Toronto
16,Layers of Flavor,Tortugas Lie,Nags Head,North Carolina,Tortugas-Lie-Nags-Head
16,Layers of Flavor,The Ace,Toronto,Ontario,The-Ace-Toronto
16,Real Deal Roots,Chomp Chomp Nation,Irvine,California,Chomp-Chomp-Nation-Irvine
16,Real Deal Roots,Caplanskys,Toronto,Ontario,Caplanskys-Toronto
17,Tacos and Tots,Dirty Oscars Annex,Tacoma,Washington,Dirty-Oscars-Annex-Tacoma
17,Tacos and Tots,Highland Tavern,Denver,Colorado,Highland-Tavern-Denver
17,"""Chicken"," Chili and Chowder*""",Sidecar Bar and Grille,Philadelphia,"-Chili-and-Chowder*""-Sidecar-Bar-and-Grille"
17,"""Chicken"," Chili and Chowder*""",Chili John's,Burbank,"-Chili-and-Chowder*""-Chili-John's"
17,"""Chicken"," Chili and Chowder*""",Stockyards Smokehouse and Larder,Toronto,"-Chili-and-Chowder*""-Stockyards-Smokehouse-and-Larder"
17,Dynamic Duos,Atomic Cowboy,Denver,Colorado,Atomic-Cowboy-Denver
17,Dynamic Duos,Perk Eatery,Scottsdale,Arizona,Perk-Eatery-Scottsdale
17,Traditional Gone Wild,South Philadelphia Tap Room,Philadelphia,Pennsylvania,South-Philadelphia-Tap-Room-Philadelphia
17,Traditional Gone Wild,St. Francis,Phoenix,Arizona,St.-Francis-Phoenix
17,"""Peppers"," Pork and Poutine*""",Barrio Cafe,Phoenix,"-Pork-and-Poutine*""-Barrio-Cafe"
17,"""Peppers"," Pork and Poutine*""",Rosedale Diner,Toronto,"-Pork-and-Poutine*""-Rosedale-Diner"
17,Kings and Queens of Cue,Hops and Pie,Denver,Colorado,Hops-and-Pie-Denver
17,Kings and Queens of Cue,Bludsos BBQ,Compton,California,Bludsos-BBQ-Compton
17,Kings and Queens of Cue,Percy Street Barbecue,Philadelphia,Pennsylvania,Percy-Street-Barbecue-Philadelphia
17,A Festival of Flavor,Standard Tap,Philadelphia,Pennsylvania,Standard-Tap-Philadelphia
17,A Festival of Flavor,Curry Corner,Tempe,Arizona,Curry-Corner-Tempe
17,A Festival of Flavor,Prohibition,Denver,Colorado,Prohibition-Denver
17,Timeless Traditions,Jamaican Jerk Hut,Philadelphia,Pennsylvania,Jamaican-Jerk-Hut-Philadelphia
17,Timeless Traditions,"""DeFalcos Italian Eatery", Grocery & Deli,Scottsdale,"""DeFalcos-Italian-Eatery--Grocery-&-Deli"
17,Timeless Traditions,CoraFayes Cafe,Denver,Colorado,CoraFayes-Cafe-Denver
17,From Pound Cake to Pot Pie,Geechee Girl Rice Cafe,Philadelphia,Pennsylvania,Geechee-Girl-Rice-Cafe-Philadelphia
17,From Pound Cake to Pot Pie,Haggos Organic Taco,Leucadia,California,Haggos-Organic-Taco-Leucadia
17,From Pound Cake to Pot Pie,The Duce,Phoenix,Arizona,The-Duce-Phoenix
17,L.A. Eats,The Parks Finest BBQ,Los Angeles,California,The-Parks-Finest-BBQ-Los-Angeles
17,L.A. Eats,Eastside Market Italian Deli,Los Angeles,California,Eastside-Market-Italian-Deli-Los-Angeles
17,"""All San Diego"," All the Time*""",Hodad’s,Ocean Beach,"-All-the-Time*""-Hodad’s"
17,"""All San Diego"," All the Time*""",OB Noodle House,Ocean Beach,"-All-the-Time*""-OB-Noodle-House"
17,"""All San Diego"," All the Time*""",Pizzeria Luigi,North Park,"-All-the-Time*""-Pizzeria-Luigi"
17,From the Heart,Shirley’s Tippy Canoe,Troutdale,Oregon,Shirley’s-Tippy-Canoe-Troutdale
17,From the Heart,Spirito’s Italian Diner,Carlsbad,California,Spirito’s-Italian-Diner-Carlsbad
17,From the Heart,Nopalito,San Francisco,California,Nopalito-San-Francisco
17,Thats Fresh,Pica Pica,San Francisco,California,Pica-Pica-San-Francisco
17,Thats Fresh,Edelweiss Sausage and Delicatessen,Portland,Oregon,Edelweiss-Sausage-and-Delicatessen-Portland
18,Neighborhood Knockouts,Crest Cafe,San Diego,California,Crest-Cafe-San-Diego
18,Neighborhood Knockouts,Show Dogs,San Francisco,California,Show-Dogs-San-Francisco
18,Neighborhood Knockouts,Industrial Cafe and Saloon,Portland,Oregon,Industrial-Cafe-and-Saloon-Portland
18,Meat Lover’s Paradise,The Refuge,San Carlos,California,The-Refuge-San-Carlos
18,Meat Lover’s Paradise,The Country Cat,Portland,Oregon,The-Country-Cat-Portland
18,Servin’ Up San Francisco,Miller’s East Coast Deli,San Francisco,California,Miller’s-East-Coast-Deli-San-Francisco
18,Servin’ Up San Francisco,Koja Kitchen Food Truck,San Francisco,California,Koja-Kitchen-Food-Truck-San-Francisco
18,Servin’ Up San Francisco,The Front Porch,San Francisco,California,The-Front-Porch-San-Francisco
18,"""Cannoli"," Fritters and Wings*""",Senor Sisig Food Truck,San Francisco,"-Fritters-and-Wings*""-Senor-Sisig-Food-Truck"
18,"""Cannoli"," Fritters and Wings*""",A Taste of Home Cooking,Wheat Ridge,"-Fritters-and-Wings*""-A-Taste-of-Home-Cooking"
18,"""Cannoli"," Fritters and Wings*""",PDX671 Food Trailer,Portland,"-Fritters-and-Wings*""-PDX671-Food-Trailer"
18,Aces of Authenticity,Casa Chimayo Restaurant,Santa Fe,New Mexico,Casa-Chimayo-Restaurant-Santa-Fe
18,Aces of Authenticity,Franks Noodle House,Portland,Oregon,Franks-Noodle-House-Portland
18,Aces of Authenticity,Torinos,Albuquerque,New Mexico,Torinos-Albuquerque
18,Sammies and Stew,Jambo Cafe,Santa Fe,New Mexico,Jambo-Cafe-Santa-Fe
18,Sammies and Stew,Bocadillos,Albuquerque,New Mexico,Bocadillos-Albuquerque
18,All Kinds of Gobble Gobble,Back Street Bistro,Santa Fe,New Mexico,Back-Street-Bistro-Santa-Fe
18,All Kinds of Gobble Gobble,Golden Crown Panaderia,Albuquerque,New Mexico,Golden-Crown-Panaderia-Albuquerque
18,All Kinds of Gobble Gobble,Danny Edwards BBQ,Kansas City,Missouri,Danny-Edwards-BBQ-Kansas-City
18,Comfort and Soul,Tin Shed Garden Cafe,Portland,Oregon,Tin-Shed-Garden-Cafe-Portland
18,Comfort and Soul,Nexus Brewery,Albuquerque,New Mexico,Nexus-Brewery-Albuquerque
18,Comfort and Soul,BBs Lawnside BBQ,Kansas City,Missouri,BBs-Lawnside-BBQ-Kansas-City
18,"""Pork"," Pasta and Barbecue*""",Succotash,Kansas City,"-Pasta-and-Barbecue*""-Succotash"
18,"""Pork"," Pasta and Barbecue*""",Cupini's,Kansas City,"-Pasta-and-Barbecue*""-Cupini's"
18,"""Pork"," Pasta and Barbecue*""",The Cube,Albuquerque,"-Pasta-and-Barbecue*""-The-Cube"
18,South of the Border,Asi y Asado,Cabo San Lucas,Mexico,Asi-y-Asado-Cabo-San-Lucas
18,South of the Border,Solomons Landing,Cabo San Lucas,Mexico,Solomons-Landing-Cabo-San-Lucas
18,South of the Border,Tiki Bar,Cabo San Lucas,Mexico,Tiki-Bar-Cabo-San-Lucas
18,Tennessee Holiday Traditions,Center Point Pit Barbecue,Hendersonville,Tennessee,Center-Point-Pit-Barbecue-Hendersonville
18,Tennessee Holiday Traditions,Mas Tacos por Favor,Nashville,Tennessee,Mas-Tacos-por-Favor-Nashville
18,Family Time,The Grilled Cheeserie,Nashville,Tennessee,The-Grilled-Cheeserie-Nashville
18,Family Time,Caffe Nonna,Nashville,Tennessee,Caffe-Nonna-Nashville
18,Family Time,Blue Koi,Kansas City,Missouri,Blue-Koi-Kansas-City
18,"""Soup"," Salad and Seafood*""",Pot Pie,Kansas City,"-Salad-and-Seafood*""-Pot-Pie"
18,"""Soup"," Salad and Seafood*""",55 South,Franklin,"-Salad-and-Seafood*""-55-South"
18,"""Soup"," Salad and Seafood*""",Phat Bites,Nashville,"-Salad-and-Seafood*""-Phat-Bites"
19,Guy’s Hometown Tour,Pretzel Cart,Ferndale,California,Pretzel-Cart-Ferndale
19,Guy’s Hometown Tour,Clendenen’s Cider Works,Fortuna,California,Clendenen’s-Cider-Works-Fortuna
19,Guy’s Hometown Tour,Loleta Cheese Shop,Loleta,California,Loleta-Cheese-Shop-Loleta
19,Guy’s Hometown Tour,Ferndale Meat Co.,Ferndale,California,Ferndale-Meat-Co.-Ferndale
19,Guy’s Hometown Tour,Ivanhoe,Ferndale,California,Ivanhoe-Ferndale
19,Guy’s Hometown Tour,Humboldt Sweets,Ferndale,California,Humboldt-Sweets-Ferndale
19,All Things NY,Black Tree,Manhattan,New York,Black-Tree-Manhattan
19,All Things NY,Queen’s Comfort,Queens,New York,Queen’s-Comfort-Queens
19,All Things NY,Paul’s Live From New York,Eureka,California,Paul’s-Live-From-New-York-Eureka
19,Big Time Bites,Bun-Ker Vietnamese,Queens,New York,Bun-Ker-Vietnamese-Queens
19,Big Time Bites,Brindle Room,Manhattan,New York,Brindle-Room-Manhattan
19,Big Time Bites,Brick and Fire,Eureka,California,Brick-and-Fire-Eureka
19,Keepin It Real,Sakaya Kitchen,Miami,Florida,Sakaya-Kitchen-Miami
19,Keepin It Real,Don Antonio By Starita,Manhattan,New York,Don-Antonio-By-Starita-Manhattan
19,Keepin It Real,Bless My Soul,Eureka,California,Bless-My-Soul-Eureka
19,Dynamite Duos,Duck’s Eatery,Manhattan,New York,Duck’s-Eatery-Manhattan
19,Dynamite Duos,Whisk Gourmet,Miami,Florida,Whisk-Gourmet-Miami
19,Dynamite Duos,Cafe Nooner,Eureka,California,Cafe-Nooner-Eureka
19,Kickin It in Key West,Garbo’s Grill,Key West,Florida,Garbo’s-Grill-Key-West
19,Kickin It in Key West,Dj’s Clam Shack,Key West,Florida,Dj’s-Clam-Shack-Key-West
19,Kickin It in Key West,Badboy Burrito,Key West,Florida,Badboy-Burrito-Key-West
19,From Meatballs to Lollipops,Maxwell’s East Coast Eatery,Salt Lake City,Utah,Maxwell’s-East-Coast-Eatery-Salt-Lake-City
19,From Meatballs to Lollipops,Tin Roof Grill,Sandy,Utah,Tin-Roof-Grill-Sandy
19,From Meatballs to Lollipops,The Latin House,Miami,Florida,The-Latin-House-Miami
19,Cross Country Comfort Food,The Silver Star Cafe,Park City,Utah,The-Silver-Star-Cafe-Park-City
19,Cross Country Comfort Food,Sammy’s Bistro,Park City,Utah,Sammy’s-Bistro-Park-City
19,Cross Country Comfort Food,Blue Collar,Miami,Florida,Blue-Collar-Miami
19,International Family Style,Artiso’s,Salt Lake City,Utah,Artiso’s-Salt-Lake-City
19,International Family Style,Boot’s and Kimo’s Homestyle Kitchen,Kailua,Hawaii,Boot’s-and-Kimo’s-Homestyle-Kitchen-Kailua
19,International Family Style,Oh Mai,Holladay,Utah,Oh-Mai-Holladay
19,Island Flavor,Dean’s Drive Inn,Kaneohe,Hawaii,Dean’s-Drive-Inn-Kaneohe
19,Island Flavor,The Alley Restaurant At Aiea Bowl,Aiea,Hawaii,The-Alley-Restaurant-At-Aiea-Bowl-Aiea
19,Island Flavor,Elena’s Restaurant,Waipahu,Hawaii,Elena’s-Restaurant-Waipahu
19,"""Grillin"," Chillin and Huli Huli Chicken*""",The Federal,Miami,"-Chillin-and-Huli-Huli-Chicken*""-The-Federal"
19,"""Grillin"," Chillin and Huli Huli Chicken*""",Mike’s Huli Huli Chicken,Kaneohe,"-Chillin-and-Huli-Huli-Chicken*""-Mike’s-Huli-Huli-Chicken"
19,"""Grillin"," Chillin and Huli Huli Chicken*""",Tamarindo Truck,Orange County,"-Chillin-and-Huli-Huli-Chicken*""-Tamarindo-Truck"
19,Righteous Bites,Loulou’s Griddle In The Middle,Monterey,California,Loulou’s-Griddle-In-The-Middle-Monterey
19,Righteous Bites,Fat Sal’s Deli,Los Angeles,California,Fat-Sal’s-Deli-Los-Angeles
19,Righteous Bites,The Alley Restaurant At Aiea Bowl,Aiea,Hawaii,The-Alley-Restaurant-At-Aiea-Bowl-Aiea
19,Vegas Greats,Bachi Burger,Las Vegas,Nevada,Bachi-Burger-Las-Vegas
19,Vegas Greats,John Mull’s Road Kill Grill,Las Vegas,Nevada,John-Mull’s-Road-Kill-Grill-Las-Vegas
19,Vegas Greats,Naked City Pizza,Las Vegas,Nevada,Naked-City-Pizza-Las-Vegas
19,Vegas Greats,Forte European Tapas Bar and Bistro,Las Vegas,Nevada,Forte-European-Tapas-Bar-and-Bistro-Las-Vegas
19,Vegas Greats,UNLV,Las Vegas,Nevada,UNLV-Las-Vegas
19,Crazy for Chicken,Uncle Lous,Memphis,Tennessee,Uncle-Lous-Memphis
19,Crazy for Chicken,Tortugas Lie,Nags Head,North Carolina,Tortugas-Lie-Nags-Head
19,Crazy for Chicken,90 Miles Cuban Cafe,Chicago,Illinois,90-Miles-Cuban-Cafe-Chicago
19,Crazy for Chicken,Taco Taco Cafe,San Antonio,Texas,Taco-Taco-Cafe-San-Antonio
19,Crazy for Chicken,Rincon Criollo,Queens,New York,Rincon-Criollo-Queens
19,Crazy for Chicken,Tocabe American Indian Eatery,Denver,Colorado,Tocabe-American-Indian-Eatery-Denver
19,Crazy for Chicken,The Glass Onion,Charleston,South Carolina,The-Glass-Onion-Charleston
19,Crazy for Chicken,Opal Thai Food,Haleiwa,Hawaii,Opal-Thai-Food-Haleiwa
19,Crazy for Chicken,PotPie,Kansas City,Missouri,PotPie-Kansas-City
19,Crazy for Chicken,Smalley’s Caribbean Barbeque,Stillwater,Minnesota,Smalley’s-Caribbean-Barbeque-Stillwater
19,Grilling Greats,Toms Bar-B-Q,Memphis,Tennessee,Toms-Bar-B-Q-Memphis
19,Grilling Greats,Lukes Inside Out,Austin,Texas,Lukes-Inside-Out-Austin
19,Grilling Greats,Caplanskys Deli,Toronto,Ontario,Caplanskys-Deli-Toronto
19,Grilling Greats,Dannys All-American Diner and Dairy Bar,Tampa,Florida,Dannys-All-American-Diner-and-Dairy-Bar-Tampa
19,Grilling Greats,Louie Muellers Barbecue,Taylor,Texas,Louie-Muellers-Barbecue-Taylor
19,Grilling Greats,Ricks Press Room Grill and Bar,Meridian,Idaho,Ricks-Press-Room-Grill-and-Bar-Meridian
19,Grilling Greats,Maple and Motor,Dallas,Texas,Maple-and-Motor-Dallas
19,Grilling Greats,Jawaiian Irie Jerk Restaurant,Honolulu,Hawaii,Jawaiian-Irie-Jerk-Restaurant-Honolulu
20,California Cruisin,Sabroso Mexican Grill,Garden Grove,California,Sabroso-Mexican-Grill-Garden-Grove
20,California Cruisin,Monterey Fish House,Monterey,California,Monterey-Fish-House-Monterey
20,California Cruisin,Rutt’s Hawaiian Cafe,Los Angeles,California,Rutt’s-Hawaiian-Cafe-Los-Angeles
20,Stuffed and Twisted,Sidewinder’s American Grill,Jackson,Wyoming,Sidewinder’s-American-Grill-Jackson
20,Stuffed and Twisted,Rosine’s Restaurant,Monterey,California,Rosine’s-Restaurant-Monterey
20,Stuffed and Twisted,Blunch,Boston,Massachusetts,Blunch-Boston
20,"""Old Standards"," New Styles*""",Pinky G’s Pizzeria,Jackson,"-New-Styles*""-Pinky-G’s-Pizzeria"
20,"""Old Standards"," New Styles*""",The Starling Diner,Long Beach,"-New-Styles*""-The-Starling-Diner"
20,"""Old Standards"," New Styles*""",Cannery Row Brewing Company,Monterey,"-New-Styles*""-Cannery-Row-Brewing-Company"
20,From Standards to Standouts,Factory Gastrobar,Long Beach,California,Factory-Gastrobar-Long-Beach
20,From Standards to Standouts,Pica’s Mexican Taqueria,Jackson,Wyoming,Pica’s-Mexican-Taqueria-Jackson
20,From Standards to Standouts,Little Napoli,Carmel,California,Little-Napoli-Carmel
20,All Day Dining,Wild Plum Cafe and Bistro,Monterey,California,Wild-Plum-Cafe-and-Bistro-Monterey
20,All Day Dining,Nora’s Fish Creek Inn,Wilson,Wyoming,Nora’s-Fish-Creek-Inn-Wilson
20,All Day Dining,Tavern on 2,Long Beach,California,Tavern-on-2-Long-Beach
21,Roadtrippin’ in Beantown,Cafe Polonia,Boston,Massachusetts,Cafe-Polonia-Boston
21,Roadtrippin’ in Beantown,Lone Star Taco Bar,Allston,Massachusetts,Lone-Star-Taco-Bar-Allston
21,Roadtrippin’ in Beantown,Deep Ellum,Allston,Massachusetts,Deep-Ellum-Allston
21,Seriously Saucy,Saus,Boston,Massachusetts,Saus-Boston
21,Seriously Saucy,Cafe Genevieve,Jackson,Wyoming,Cafe-Genevieve-Jackson
21,Seriously Saucy,Melt Eclectic Cafe,Cincinnati,Ohio,Melt-Eclectic-Cafe-Cincinnati
21,Cross-Country Classics,Trina’s Starlite Lounge,Somerville,Massachusetts,Trina’s-Starlite-Lounge-Somerville
21,Cross-Country Classics,Shorty’s Pizza and Smoked Meat,Superior,Wisconsin,Shorty’s-Pizza-and-Smoked-Meat-Superior
21,Cross-Country Classics,From Scratch Restaurant,Carmel,California,From-Scratch-Restaurant-Carmel
21,Worldwide Flavorfest,Casa Razdora,Boston,Massachusetts,Casa-Razdora-Boston
21,Worldwide Flavorfest,Island Frydays,Cincinnati,Ohio,Island-Frydays-Cincinnati
21,Worldwide Flavorfest,Pak’s Green Corner,Duluth,Minnesota,Pak’s-Green-Corner-Duluth
21,Small Town Standouts,Kounty Quarthouse,South Range,Wisconsin,Kounty-Quarthouse-South-Range
21,Small Town Standouts,Junkyard Extreme Burgers and Brats,Junction City,Oregon,Junkyard-Extreme-Burgers-and-Brats-Junction-City
21,Small Town Standouts,Lotus Cafe,Jackson,Wyoming,Lotus-Cafe-Jackson
21,One Street Wonders,Taste of Belgium,Cincinnati,Ohio,Taste-of-Belgium-Cincinnati
21,One Street Wonders,Senate Pub,Cincinnati,Ohio,Senate-Pub-Cincinnati
21,One Street Wonders,Bakersfield OTR,Cincinnati,Ohio,Bakersfield-OTR-Cincinnati
21,Old School Joints,Cornbread Cafe,Eugene,Oregon,Cornbread-Cafe-Eugene
21,Old School Joints,Gannucci’s Italian Market,Duluth,Minnesota,Gannucci’s-Italian-Market-Duluth
21,Old School Joints,Delta Diner,Delta,Wisconsin,Delta-Diner-Delta
21,Meat In The Middle,The Sandwich League,Eugene,Oregon,The-Sandwich-League-Eugene
21,Meat In The Middle,The Brick House Cafe and Catering,Cable,Wisconsin,The-Brick-House-Cafe-and-Catering-Cable
21,Meat In The Middle,Grano’s Pasta Bar,Baltimore,Maryland,Grano’s-Pasta-Bar-Baltimore
21,Soup-Centric,Soup Nation,Eugene,Oregon,Soup-Nation-Eugene
21,Soup-Centric,Slainte Irish Pub and Restaurant,Baltimore,Maryland,Slainte-Irish-Pub-and-Restaurant-Baltimore
21,Soup-Centric,Pho Lang Thang,Cincinnati,Ohio,Pho-Lang-Thang-Cincinnati
21,All Baltimore All The Time,Jimmy’s Famous Seafood,Baltimore,Maryland,Jimmy’s-Famous-Seafood-Baltimore
21,All Baltimore All The Time,Clementine,Baltimore,Maryland,Clementine-Baltimore
21,Chicken Chowfest,Patton’s Restaurant and Catering,Des Moines,Iowa,Patton’s-Restaurant-and-Catering-Des-Moines
21,Chicken Chowfest,Papa’s Soul Food Kitchen and BBQ,Eugene,Oregon,Papa’s-Soul-Food-Kitchen-and-BBQ-Eugene
21,Chicken Chowfest,Swallow at the Hollow,Baltimore,Maryland,Swallow-at-the-Hollow-Baltimore
21,Fresh Fish & Funky Chicken,Fisherman’s Market,Eugene,Oregon,Fisherman’s-Market-Eugene
21,Fresh Fish & Funky Chicken,Mi Patria Ecuadorian Restaurant,West Des Moines,Iowa,Mi-Patria-Ecuadorian-Restaurant-West-Des-Moines
21,Fresh Fish & Funky Chicken,Smokey D’s BBQ,Des Moines,Iowa,Smokey-D’s-BBQ-Des-Moines
21,Oldies But Goodies,Ernest and Son,Brigantine,New Jersey,Ernest-and-Son-Brigantine
21,Oldies But Goodies,Oyster Creek Inn,Leeds Point,New Jersey,Oyster-Creek-Inn-Leeds-Point
21,Oldies But Goodies,George The Chili King Drive-In,Des Moines,Iowa,George-The-Chili-King-Drive-In-Des-Moines
21,Southern Spectacular,Farmer’s Shed,Lexington,South Carolina,Farmer’s-Shed-Lexington
21,Southern Spectacular,Pine State Biscuits,Portland,Oregon,Pine-State-Biscuits-Portland
21,Southern Spectacular,Sweetie Pie’s,Saint Louis,Missouri,Sweetie-Pie’s-Saint-Louis
21,Southern Spectacular,Rick’s White Light Diner,Frankfort,Kentucky,Rick’s-White-Light-Diner-Frankfort
21,Southern Spectacular,Zydeco’s,Mooresville,Indiana,Zydeco’s-Mooresville
21,Best of Breakfast,Ruth’s Diner,Salt Lake City,Utah,Ruth’s-Diner-Salt-Lake-City
21,Best of Breakfast,Lake Effect Diner,Buffalo,New York,Lake-Effect-Diner-Buffalo
21,Best of Breakfast,Mustache Bill’s,Barnegat Light,New Jersey,Mustache-Bill’s-Barnegat-Light
21,Best of Breakfast,Al’s Breakfast,Minneapolis,Minnesota,Al’s-Breakfast-Minneapolis
21,Best of Breakfast,Louie and the Red Head Lady,Mandeville,Louisiana,Louie-and-the-Red-Head-Lady-Mandeville
21,Best of Breakfast,Grampa’s Bakery and Restaurant,Dania Beach,Florida,Grampa’s-Bakery-and-Restaurant-Dania-Beach
21,Best of Breakfast,W.O.W – Worth Our Weight,Santa Rosa,California,W.O.W-–-Worth-Our-Weight-Santa-Rosa
21,Best of Breakfast,Schooner or Later,Long Beach,California,Schooner-or-Later-Long-Beach
21,Best of Breakfast,Matt’s Big Breakfast,Phoenix,Arizona,Matt’s-Big-Breakfast-Phoenix
21,Memorable Moms,Rigoletto Italian Bakery and Cafe,Virginia Beach,Virginia,Rigoletto-Italian-Bakery-and-Cafe-Virginia-Beach
21,Memorable Moms,Voula’s Offshore Cafe,Seattle,Washington,Voula’s-Offshore-Cafe-Seattle
21,Memorable Moms,Nadine’s Restaurant,Pittsburgh,Pennsylvania,Nadine’s-Restaurant-Pittsburgh
21,Memorable Moms,Kelly O’s Diner,Pittsburgh,Pennsylvania,Kelly-O’s-Diner-Pittsburgh
21,Memorable Moms,Monte Carlo Steak House,Albuquerque,New Mexico,Monte-Carlo-Steak-House-Albuquerque
21,Memorable Moms,Emily’s Lebanese Deli,Minneapolis,Minnesota,Emily’s-Lebanese-Deli-Minneapolis
21,Hometown Heroes,Eischen’s Bar,Okarche,Oklahoma,Eischen’s-Bar-Okarche
21,Hometown Heroes,Otto’s Sausage,Portland,Oregon,Otto’s-Sausage-Portland
21,Hometown Heroes,South 21 Drive In,Charlotte,North Carolina,South-21-Drive-In-Charlotte
21,Hometown Heroes,Kramarczuk Sausage Company,Minneapolis,Minnesota,Kramarczuk-Sausage-Company-Minneapolis
21,Hometown Heroes,Bob’s Clam Hut,Kittery,Maine,Bob’s-Clam-Hut-Kittery
21,Hometown Heroes,Rainbow Drive-In,Honolulu,Hawaii,Rainbow-Drive-In-Honolulu
21,Hometown Heroes,Tommy’s Joynt,San Francisco,California,Tommy’s-Joynt-San-Francisco
21,Pork Hall of Fame,Union Wood Shop,Clarkston,Michigan,Union-Wood-Shop-Clarkston
21,Pork Hall of Fame,Dough Pizzeria Napoletana,San Antonio,Texas,Dough-Pizzeria-Napoletana-San-Antonio
21,Pork Hall of Fame,Maria’s Taco Express,Austin,Texas,Maria’s-Taco-Express-Austin
21,Pork Hall of Fame,Bar Gernika,Boise,Idaho,Bar-Gernika-Boise
21,Pork Hall of Fame,Valencia Luncheria,Norwalk,Connecticut,Valencia-Luncheria-Norwalk
21,Pork Hall of Fame,Santa Cruz Diner,Santa Cruz,California,Santa-Cruz-Diner-Santa-Cruz
21,Pork Hall of Fame,North End Caffe,Manhattan Beach,California,North-End-Caffe-Manhattan-Beach
21,Pork Hall of Fame,The Oinkster,Eagle Rock,California,The-Oinkster-Eagle-Rock
21,Pork Hall of Fame,Haus Murphy’s,Glendale,Arizona,Haus-Murphy’s-Glendale
22,"""Fish"," Fries and Feet*""",Flying Mango,Des Moines,"-Fries-and-Feet*""-Flying-Mango"
22,"""Fish"," Fries and Feet*""",Kelsey & Kim’s Southern Cafe,Atlantic City,"-Fries-and-Feet*""-Kelsey-&-Kim’s-Southern-Cafe"
22,"""Fish"," Fries and Feet*""",Tacopocalypse,Des Moines,"-Fries-and-Feet*""-Tacopocalypse"
22,Cruisin’ the Italian Countryside,Windows On The World (Ristorante WOW),Montecatini Terme,Italy,Windows-On-The-World-(Ristorante-WOW)-Montecatini-Terme
22,Cruisin’ the Italian Countryside,Port Ellen Clan,Lucca,Italy,Port-Ellen-Clan-Lucca
22,Cruisin’ the Italian Countryside,La Taverna dei Miracoli da Mangiafuoco,Toscana,Italy,La-Taverna-dei-Miracoli-da-Mangiafuoco-Toscana
22,Fillin’ Up in Florence,La Cucina Del Garga,Firenze,Italy,La-Cucina-Del-Garga-Firenze
22,Fillin’ Up in Florence,Il Gusta Pizza,Firenze,Italy,Il-Gusta-Pizza-Firenze
22,Fillin’ Up in Florence,Fratelli Briganti,Firenze,Italy,Fratelli-Briganti-Firenze
22,Arizona All Stars,Tom’s Thumb Fresh Market,Scottsdale,Arizona,Tom’s-Thumb-Fresh-Market-Scottsdale
22,Arizona All Stars,Andreoli – Italian Grocer,Scottsdale,Arizona,Andreoli-–-Italian-Grocer-Scottsdale
22,Arizona All Stars,Paradise Valley Burger Company,Phoenix,Arizona,Paradise-Valley-Burger-Company-Phoenix
22,Roadtrippin’,The Anchorage Tavern,Somers Point,New Jersey,The-Anchorage-Tavern-Somers-Point
22,Roadtrippin’,Salty’s BBQ and Catering,Bakersfield,California,Salty’s-BBQ-and-Catering-Bakersfield
22,Roadtrippin’,Sal’s Gilbert Pizza,Gilbert,Arizona,Sal’s-Gilbert-Pizza-Gilbert
22,From Atlantic to Pacific,KC Steakhouse,Bakersfield,California,KC-Steakhouse-Bakersfield
22,From Atlantic to Pacific,Grilled Cheese and Crab Cake Co.,Somers Point,New Jersey,Grilled-Cheese-and-Crab-Cake-Co.-Somers-Point
22,From Atlantic to Pacific,Mama Roomba,Bakersfield,California,Mama-Roomba-Bakersfield
22,Globe Tasting,The Wild Thaiger,Phoenix,Arizona,The-Wild-Thaiger-Phoenix
22,Globe Tasting,Muertos Kitchen and Lounge,Bakersfield,California,Muertos-Kitchen-and-Lounge-Bakersfield
22,Globe Tasting,Carluccio’s Coal Fired Pizza,Northfield,New Jersey,Carluccio’s-Coal-Fired-Pizza-Northfield
22,"""Sweet"," Savory and Saucy*""",La Santisima Gourmet Taco Shop,Bakersfield,"-Savory-and-Saucy*""-La-Santisima-Gourmet-Taco-Shop"
22,"""Sweet"," Savory and Saucy*""",Moo Creamery,Bakersfield,"-Savory-and-Saucy*""-Moo-Creamery"
22,"""Sweet"," Savory and Saucy*""",24th Street Cafe,Bakersfield,"-Savory-and-Saucy*""-24th-Street-Cafe"
22,Food TruckAPalooza,Tamarindo Truck,Orange County,California,Tamarindo-Truck-Orange-County
22,Food TruckAPalooza,Garbo’s Grill,Key West,Florida,Garbo’s-Grill-Key-West
22,Food TruckAPalooza,The Grilled Cheeserie,Nashville,Tennessee,The-Grilled-Cheeserie-Nashville
22,Food TruckAPalooza,Fresh Local Wild,Vancouver,British Columbia,Fresh-Local-Wild-Vancouver
22,Food TruckAPalooza,Don Chow Tacos,Los Angeles,California,Don-Chow-Tacos-Los-Angeles
22,All Beefed Up,Terry’s Turf Club,Cincinnati,Ohio,Terry’s-Turf-Club-Cincinnati
22,All Beefed Up,Smokin Guns BBQ and Catering,Kansas City,Missouri,Smokin-Guns-BBQ-and-Catering-Kansas-City
22,All Beefed Up,Schellville Grill,Sonoma,California,Schellville-Grill-Sonoma
22,All Beefed Up,Paul’s Coffee Shop,Fountain Valley,California,Paul’s-Coffee-Shop-Fountain-Valley
